Entry	Protein families_Gene	Protein families	Gene Names	Length	Domain [FT];
Q8TD19	NEK_NEK9	NEK	NEK9 KIAA1995 NEK8 NERCC	979	DOMAIN 52..308; /note="Protein kinase"; /evidence="ECO:0000255|PROSITE-ProRule:PRU00159";
Q16566	CAMK_CAMK4	CAMK	CAMK4 CAMK CAMK-GR CAMKIV	473	DOMAIN 46..300; /note="Protein kinase"; /evidence="ECO:0000255|PROSITE-ProRule:PRU00159";
Q8NG66	NEK_NEK11	NEK	NEK11	645	DOMAIN 29..287; /note="Protein kinase"; /evidence="ECO:0000255|PROSITE-ProRule:PRU00159";
Q9HC98	NEK_NEK6	NEK	NEK6	313	DOMAIN 45..310; /note="Protein kinase"; /evidence="ECO:0000255|PROSITE-ProRule:PRU00159";
P51955	NEK_NEK2	NEK	NEK2 NEK2A NLK1	445	DOMAIN 8..271; /note="Protein kinase"; /evidence="ECO:0000255|PROSITE-ProRule:PRU00159";
P51956	NEK_NEK3	NEK	NEK3	506	DOMAIN 4..257; /note="Protein kinase"; /evidence="ECO:0000255|PROSITE-ProRule:PRU00159";
Q8TDX7	NEK_NEK7	NEK	NEK7	302	DOMAIN 34..299; /note="Protein kinase"; /evidence="ECO:0000255|PROSITE-ProRule:PRU00159";
Q86SG6	NEK_NEK8	NEK	NEK8 JCK NEK12A	692	DOMAIN 4..258; /note="Protein kinase"; /evidence="ECO:0000255|PROSITE-ProRule:PRU00159";
Q96PY6	NEK_NEK1	NEK	NEK1 KIAA1901	1258	DOMAIN 4..258; /note="Protein kinase"; /evidence="ECO:0000255|PROSITE-ProRule:PRU00159";
Q6ZWH5	NEK_NEK10	NEK	NEK10	1172	DOMAIN 519..712; /note="Protein kinase"; /evidence="ECO:0000255|PROSITE-ProRule:PRU00159";
P48729	CK1_CSNK1A1	CK1	CSNK1A1	337	DOMAIN 17..285; /note="Protein kinase"; /evidence="ECO:0000255|PROSITE-ProRule:PRU00159";
Q13555	CAMK_CAMK2G	CAMK	CAMK2G CAMK CAMK-II CAMKG	558	DOMAIN 14..272; /note="Protein kinase"; /evidence="ECO:0000255|PROSITE-ProRule:PRU00159";
Q8N752	CK1_CSNK1A1L	CK1	CSNK1A1L	337	DOMAIN 17..285; /note="Protein kinase"; /evidence="ECO:0000255|PROSITE-ProRule:PRU00159";
P51957	NEK_NEK4	NEK	NEK4 STK2	841	DOMAIN 6..261; /note="Protein kinase"; /evidence="ECO:0000255|PROSITE-ProRule:PRU00159";
P37840	other_SNCA	other	SNCA NACP PARK1	140	;
Q16539	CMGC_MAPK14	CMGC	MAPK14 CSBP CSBP1 CSBP2 CSPB1 MXI2 SAPK2A	360	DOMAIN 24..308; /note="Protein kinase"; /evidence="ECO:0000255|PROSITE-ProRule:PRU00159";
Q9NQ31	other_AKIP1	other	AKIP1 BCA3 C11orf17	210	;
P63104	other_YWHAZ	other	YWHAZ	245	;
Q96RG2	CAMK_PASK	CAMK	PASK KIAA0135	1323	DOMAIN 119..190; /note="PAS 1"; /evidence="ECO:0000255|PROSITE-ProRule:PRU00140"; DOMAIN 335..402; /note="PAS 2"; /evidence="ECO:0000255|PROSITE-ProRule:PRU00140"; DOMAIN 999..1251; /note="Protein kinase"; /evidence="ECO:0000255|PROSITE-ProRule:PRU00159";
P28482	CMGC_MAPK1	CMGC	MAPK1 ERK2 PRKM1 PRKM2	360	DOMAIN 25..313; /note="Protein kinase"; /evidence="ECO:0000255|PROSITE-ProRule:PRU00159";
P24941	CMGC_CDK2	CMGC	CDK2 CDKN2	298	DOMAIN 4..286; /note="Protein kinase"; /evidence="ECO:0000255|PROSITE-ProRule:PRU00159";
Q9HBH9	CAMK_MKNK2	CAMK	MKNK2 GPRK7 MNK2	465	DOMAIN 84..388; /note="Protein kinase"; /evidence="ECO:0000255|PROSITE-ProRule:PRU00159";
Q15746	CAMK_MYLK	CAMK	MYLK MLCK MLCK1 MYLK1	1914	DOMAIN 33..122; /note="Ig-like C2-type 1"; DOMAIN 161..249; /note="Ig-like C2-type 2"; DOMAIN 414..503; /note="Ig-like C2-type 3"; DOMAIN 514..599; /note="Ig-like C2-type 4"; DOMAIN 620..711; /note="Ig-like C2-type 5"; DOMAIN 721..821; /note="Ig-like C2-type 6"; DOMAIN 1098..1186; /note="Ig-like C2-type 7"; DOMAIN 1238..1326; /note="Ig-like C2-type 8"; DOMAIN 1334..1426; /note="Fibronectin type-III"; /evidence="ECO:0000255|PROSITE-ProRule:PRU00316"; DOMAIN 1464..1719; /note="Protein kinase"; /evidence="ECO:0000255|PROSITE-ProRule:PRU00159"; DOMAIN 1809..1898; /note="Ig-like C2-type 9";
Q8N3J5	other_PPM1K	other	PPM1K PP2CM	372	DOMAIN 94..346; /note="PPM-type phosphatase"; /evidence="ECO:0000255|PROSITE-ProRule:PRU01082";
Q00535	CMGC_CDK5	CMGC	CDK5 CDKN5 PSSALRE	292	DOMAIN 4..286; /note="Protein kinase"; /evidence="ECO:0000255|PROSITE-ProRule:PRU00159";
Q9H2X6	CMGC_HIPK2	CMGC	HIPK2	1198	DOMAIN 199..527; /note="Protein kinase"; /evidence="ECO:0000255|PROSITE-ProRule:PRU00159";
P48730	CK1_CSNK1D	CK1	CSNK1D HCKID	415	DOMAIN 9..277; /note="Protein kinase"; /evidence="ECO:0000255|PROSITE-ProRule:PRU00159";
P06493	CMGC_CDK1	CMGC	CDK1 CDC2 CDC28A CDKN1 P34CDC2	297	DOMAIN 4..287; /note="Protein kinase"; /evidence="ECO:0000255|PROSITE-ProRule:PRU00159";
P27707	other_DCK	other	DCK	260	;
P50613	CMGC_CDK7	CMGC	CDK7 CAK CAK1 CDKN7 MO15 STK1	346	DOMAIN 12..295; /note="Protein kinase"; /evidence="ECO:0000255|PROSITE-ProRule:PRU00159";
Q13557	CAMK_CAMK2D	CAMK	CAMK2D CAMKD	499	DOMAIN 14..272; /note="Protein kinase"; /evidence="ECO:0000255|PROSITE-ProRule:PRU00159";
P17612	AGC_PRKACA	AGC	PRKACA PKACA	351	DOMAIN 44..298; /note="Protein kinase"; /evidence="ECO:0000255|PROSITE-ProRule:PRU00159"; DOMAIN 299..351; /note="AGC-kinase C-terminal"; /evidence="ECO:0000255|PROSITE-ProRule:PRU00618";
Q13554	CAMK_CAMK2B	CAMK	CAMK2B CAM2 CAMK2 CAMKB	666	DOMAIN 14..272; /note="Protein kinase"; /evidence="ECO:0000255|PROSITE-ProRule:PRU00159";
P50750	CMGC_CDK9	CMGC	CDK9 CDC2L4 TAK	372	DOMAIN 19..315; /note="Protein kinase"; /evidence="ECO:0000255|PROSITE-ProRule:PRU00159";
Q96SZ6	other_CDK5RAP1	other	CDK5RAP1 C20orf34 CGI-05 HSPC167	601	DOMAIN 100..220; /note="MTTase N-terminal"; /evidence="ECO:0000255|PROSITE-ProRule:PRU00780"; DOMAIN 244..512; /note="Radical SAM core"; /evidence="ECO:0000255|PROSITE-ProRule:PRU01266"; DOMAIN 515..590; /note="TRAM"; /evidence="ECO:0000255|PROSITE-ProRule:PRU00208";
Q9UQM7	CAMK_CAMK2A	CAMK	CAMK2A CAMKA KIAA0968	478	DOMAIN 13..271; /note="Protein kinase"; /evidence="ECO:0000255|PROSITE-ProRule:PRU00159";
Q00534	CMGC_CDK6	CMGC	CDK6 CDKN6	326	DOMAIN 13..300; /note="Protein kinase"; /evidence="ECO:0000255|PROSITE-ProRule:PRU00159";
Q00526	CMGC_CDK3	CMGC	CDK3 CDKN3	305	DOMAIN 4..286; /note="Protein kinase"; /evidence="ECO:0000255|PROSITE-ProRule:PRU00159";
Q96SB4	CMGC_SRPK1	CMGC	SRPK1	655	DOMAIN 80..653; /note="Protein kinase"; /evidence="ECO:0000255|PROSITE-ProRule:PRU00159";
Q16513	AGC_PKN2	AGC	PKN2 PRK2 PRKCL2	984	DOMAIN 33..109; /note="REM-1 1"; /evidence="ECO:0000255|PROSITE-ProRule:PRU01207"; DOMAIN 121..203; /note="REM-1 2"; /evidence="ECO:0000255|PROSITE-ProRule:PRU01207"; DOMAIN 204..284; /note="REM-1 3"; /evidence="ECO:0000255|PROSITE-ProRule:PRU01207"; DOMAIN 353..473; /note="C2"; /evidence="ECO:0000255|PROSITE-ProRule:PRU00041"; DOMAIN 657..916; /note="Protein kinase"; /evidence="ECO:0000255|PROSITE-ProRule:PRU00159"; DOMAIN 917..984; /note="AGC-kinase C-terminal"; /evidence="ECO:0000255|PROSITE-ProRule:PRU00618";
Q96NX5	CAMK_CAMK1G	CAMK	CAMK1G CLICK3 VWS1	476	DOMAIN 23..277; /note="Protein kinase"; /evidence="ECO:0000255|PROSITE-ProRule:PRU00159";
Q92630	CMGC_DYRK2	CMGC	DYRK2	601	DOMAIN 222..535; /note="Protein kinase"; /evidence="ECO:0000255|PROSITE-ProRule:PRU00159";
P78368	CK1_CSNK1G2	CK1	CSNK1G2 CK1G2	415	DOMAIN 46..316; /note="Protein kinase"; /evidence="ECO:0000255|PROSITE-ProRule:PRU00159";
Q14012	CAMK_CAMK1	CAMK	CAMK1	370	DOMAIN 20..276; /note="Protein kinase"; /evidence="ECO:0000255|PROSITE-ProRule:PRU00159";
Q15208	AGC_STK38	AGC	STK38 NDR1	465	DOMAIN 89..382; /note="Protein kinase"; /evidence="ECO:0000255|PROSITE-ProRule:PRU00159, ECO:0000312|EMBL:CAA84485.1"; DOMAIN 383..455; /note="AGC-kinase C-terminal"; /evidence="ECO:0000255|PROSITE-ProRule:PRU00618";
Q9Y2H1	AGC_STK38L	AGC	STK38L KIAA0965 NDR2	464	DOMAIN 90..383; /note="Protein kinase"; /evidence="ECO:0000255|PROSITE-ProRule:PRU00159"; DOMAIN 384..453; /note="AGC-kinase C-terminal"; /evidence="ECO:0000255|PROSITE-ProRule:PRU00618";
Q15759	CMGC_MAPK11	CMGC	MAPK11 PRKM11 SAPK2 SAPK2B	364	DOMAIN 24..308; /note="Protein kinase"; /evidence="ECO:0000255|PROSITE-ProRule:PRU00159";
Q8N568	CAMK_DCLK2	CAMK	DCLK2 DCAMKL2 DCDC3B DCK2	766	DOMAIN 72..158; /note="Doublecortin 1"; /evidence="ECO:0000255|PROSITE-ProRule:PRU00072"; DOMAIN 197..280; /note="Doublecortin 2"; /evidence="ECO:0000255|PROSITE-ProRule:PRU00072"; DOMAIN 394..651; /note="Protein kinase"; /evidence="ECO:0000255|PROSITE-ProRule:PRU00159";
Q9H422	CMGC_HIPK3	CMGC	HIPK3 DYRK6 FIST3 PKY	1215	DOMAIN 197..525; /note="Protein kinase"; /evidence="ECO:0000255|PROSITE-ProRule:PRU00159";
Q86Z02	CMGC_HIPK1	CMGC	HIPK1 KIAA0630 MYAK NBAK2	1210	DOMAIN 190..518; /note="Protein kinase"; /evidence="ECO:0000255|PROSITE-ProRule:PRU00159";
P78362	CMGC_SRPK2	CMGC	SRPK2	688	DOMAIN 81..684; /note="Protein kinase"; /evidence="ECO:0000255|PROSITE-ProRule:PRU00159";
Q86Y07	CK1_VRK2	CK1	VRK2	508	DOMAIN 29..319; /note="Protein kinase"; /evidence="ECO:0000255|PROSITE-ProRule:PRU00159";
Q99986	CK1_VRK1	CK1	VRK1	396	DOMAIN 37..317; /note="Protein kinase"; /evidence="ECO:0000255|PROSITE-ProRule:PRU00159";
Q13131	CAMK_PRKAA1	CAMK	PRKAA1 AMPK1	559	DOMAIN 27..279; /note="Protein kinase"; /evidence="ECO:0000255|PROSITE-ProRule:PRU00159";
P05067	other_APP	other	APP A4 AD1	770	DOMAIN 28..189; /note="E1"; /evidence="ECO:0000255|PROSITE-ProRule:PRU01217"; DOMAIN 291..341; /note="BPTI/Kunitz inhibitor"; /evidence="ECO:0000255|PROSITE-ProRule:PRU00031"; DOMAIN 374..565; /note="E2"; /evidence="ECO:0000255|PROSITE-ProRule:PRU01218";
P53779	CMGC_MAPK10	CMGC	MAPK10 JNK3 JNK3A PRKM10 SAPK1B	464	DOMAIN 64..359; /note="Protein kinase"; /evidence="ECO:0000255|PROSITE-ProRule:PRU00159";
Q15418	AGC_RPS6KA1	AGC	RPS6KA1 MAPKAPK1A RSK1	735	DOMAIN 62..321; /note="Protein kinase 1"; /evidence="ECO:0000255|PROSITE-ProRule:PRU00159"; DOMAIN 322..391; /note="AGC-kinase C-terminal"; /evidence="ECO:0000255|PROSITE-ProRule:PRU00618"; DOMAIN 418..675; /note="Protein kinase 2"; /evidence="ECO:0000255|PROSITE-ProRule:PRU00159";
P01375	other_TNF	other	TNF TNFA TNFSF2	233	;
Q9H093	CAMK_NUAK2	CAMK	NUAK2 OMPHK2 SNARK	628	DOMAIN 53..303; /note="Protein kinase"; /evidence="ECO:0000255|PROSITE-ProRule:PRU00159";
Q13464	AGC_ROCK1	AGC	ROCK1	1354	DOMAIN 76..338; /note="Protein kinase"; /evidence="ECO:0000255|PROSITE-ProRule:PRU00159"; DOMAIN 341..409; /note="AGC-kinase C-terminal"; /evidence="ECO:0000255|PROSITE-ProRule:PRU00618"; DOMAIN 479..556; /note="REM-1"; /evidence="ECO:0000255|PROSITE-ProRule:PRU01207"; DOMAIN 949..1015; /note="RhoBD"; /evidence="ECO:0000255|PROSITE-ProRule:PRU01206"; DOMAIN 1118..1317; /note="PH"; /evidence="ECO:0000255|PROSITE-ProRule:PRU00145";
Q9HCP0	CK1_CSNK1G1	CK1	CSNK1G1	422	DOMAIN 44..315; /note="Protein kinase"; /evidence="ECO:0000255|PROSITE-ProRule:PRU00159";
P49674	CK1_CSNK1E	CK1	CSNK1E	416	DOMAIN 9..277; /note="Protein kinase"; /evidence="ECO:0000255|PROSITE-ProRule:PRU00159";
P27361	CMGC_MAPK3	CMGC	MAPK3 ERK1 PRKM3	379	DOMAIN 42..330; /note="Protein kinase"; /evidence="ECO:0000255|PROSITE-ProRule:PRU00159";
O15530	AGC_PDPK1	AGC	PDPK1 PDK1	556	DOMAIN 82..342; /note="Protein kinase"; /evidence="ECO:0000255|PROSITE-ProRule:PRU00159"; DOMAIN 459..550; /note="PH";
Q13164	CMGC_MAPK7	CMGC	MAPK7 BMK1 ERK5 PRKM7	816	DOMAIN 55..347; /note="Protein kinase"; /evidence="ECO:0000255|PROSITE-ProRule:PRU00159";
P11309	CAMK_PIM1	CAMK	PIM1	313	DOMAIN 38..290; /note="Protein kinase"; /evidence="ECO:0000255|PROSITE-ProRule:PRU00159";
P51817	AGC_PRKX	AGC	PRKX PKX1	358	DOMAIN 49..303; /note="Protein kinase"; /evidence="ECO:0000255|PROSITE-ProRule:PRU00159"; DOMAIN 304..358; /note="AGC-kinase C-terminal"; /evidence="ECO:0000255|PROSITE-ProRule:PRU00618";
Q09013	AGC_DMPK	AGC	DMPK DM1PK MDPK	629	DOMAIN 71..339; /note="Protein kinase"; /evidence="ECO:0000255|PROSITE-ProRule:PRU00159"; DOMAIN 340..415; /note="AGC-kinase C-terminal"; /evidence="ECO:0000255|PROSITE-ProRule:PRU00618";
O43293	CAMK_DAPK3	CAMK	DAPK3 ZIPK	454	DOMAIN 13..275; /note="Protein kinase"; /evidence="ECO:0000255|PROSITE-ProRule:PRU00159";
P05771	AGC_PRKCB	AGC	PRKCB PKCB PRKCB1	671	DOMAIN 158..275; /note="C2"; /evidence="ECO:0000255|PROSITE-ProRule:PRU00041"; DOMAIN 342..600; /note="Protein kinase"; /evidence="ECO:0000255|PROSITE-ProRule:PRU00159"; DOMAIN 601..671; /note="AGC-kinase C-terminal"; /evidence="ECO:0000255|PROSITE-ProRule:PRU00618";
P17252	AGC_PRKCA	AGC	PRKCA PKCA PRKACA	672	DOMAIN 158..275; /note="C2"; /evidence="ECO:0000255|PROSITE-ProRule:PRU00041"; DOMAIN 339..597; /note="Protein kinase"; /evidence="ECO:0000255|PROSITE-ProRule:PRU00159"; DOMAIN 598..668; /note="AGC-kinase C-terminal"; /evidence="ECO:0000255|PROSITE-ProRule:PRU00618";
Q6P5Z2	AGC_PKN3	AGC	PKN3 PKNBETA	889	DOMAIN 5..80; /note="REM-1 1"; /evidence="ECO:0000255|PROSITE-ProRule:PRU01207"; DOMAIN 93..163; /note="REM-1 2"; /evidence="ECO:0000255|PROSITE-ProRule:PRU01207"; DOMAIN 165..245; /note="REM-1 3"; /evidence="ECO:0000255|PROSITE-ProRule:PRU01207"; DOMAIN 559..818; /note="Protein kinase"; /evidence="ECO:0000255|PROSITE-ProRule:PRU00159"; DOMAIN 819..889; /note="AGC-kinase C-terminal"; /evidence="ECO:0000255|PROSITE-ProRule:PRU00618";
Q6P3R8	NEK_NEK5	NEK	NEK5	708	DOMAIN 4..259; /note="Protein kinase"; /evidence="ECO:0000255|PROSITE-ProRule:PRU00159";
P43250	AGC_GRK6	AGC	GRK6 GPRK6	576	DOMAIN 53..171; /note="RGS"; /evidence="ECO:0000255|PROSITE-ProRule:PRU00171"; DOMAIN 186..448; /note="Protein kinase"; /evidence="ECO:0000255|PROSITE-ProRule:PRU00159"; DOMAIN 449..514; /note="AGC-kinase C-terminal"; /evidence="ECO:0000255|PROSITE-ProRule:PRU00618";
Q8IZL9	CMGC_CDK20	CMGC	CDK20 CCRK CDCH	346	DOMAIN 4..288; /note="Protein kinase"; /evidence="ECO:0000255|PROSITE-ProRule:PRU00159";
Q9UBS0	AGC_RPS6KB2	AGC	RPS6KB2 STK14B	482	DOMAIN 67..328; /note="Protein kinase"; /evidence="ECO:0000255|PROSITE-ProRule:PRU00159"; DOMAIN 329..399; /note="AGC-kinase C-terminal"; /evidence="ECO:0000255|PROSITE-ProRule:PRU00618";
P11801	CAMK_PSKH1	CAMK	PSKH1	424	DOMAIN 98..355; /note="Protein kinase"; /evidence="ECO:0000255|PROSITE-ProRule:PRU00159";
Q9BUB5	CAMK_MKNK1	CAMK	MKNK1 MNK1	465	DOMAIN 49..374; /note="Protein kinase"; /evidence="ECO:0000255|PROSITE-ProRule:PRU00159";
P49137	CAMK_MAPKAPK2	CAMK	MAPKAPK2	400	DOMAIN 64..325; /note="Protein kinase"; /evidence="ECO:0000255|PROSITE-ProRule:PRU00159";
P32298	AGC_GRK4	AGC	GRK4 GPRK2L GPRK4	578	DOMAIN 52..172; /note="RGS"; /evidence="ECO:0000255|PROSITE-ProRule:PRU00171"; DOMAIN 187..449; /note="Protein kinase"; /evidence="ECO:0000255|PROSITE-ProRule:PRU00159"; DOMAIN 450..515; /note="AGC-kinase C-terminal"; /evidence="ECO:0000255|PROSITE-ProRule:PRU00618";
Q8WTQ7	AGC_GRK7	AGC	GRK7 GPRK7	553	DOMAIN 56..176; /note="RGS"; /evidence="ECO:0000255|PROSITE-ProRule:PRU00171"; DOMAIN 191..454; /note="Protein kinase"; /evidence="ECO:0000255|PROSITE-ProRule:PRU00159"; DOMAIN 455..520; /note="AGC-kinase C-terminal"; /evidence="ECO:0000255|PROSITE-ProRule:PRU00618";
Q16512	AGC_PKN1	AGC	PKN1 PAK1 PKN PRK1 PRKCL1	942	DOMAIN 25..100; /note="REM-1 1"; /evidence="ECO:0000255|PROSITE-ProRule:PRU01207"; DOMAIN 112..193; /note="REM-1 2"; /evidence="ECO:0000255|PROSITE-ProRule:PRU01207"; DOMAIN 201..280; /note="REM-1 3"; /evidence="ECO:0000255|PROSITE-ProRule:PRU01207"; DOMAIN 307..470; /note="C2"; /evidence="ECO:0000255|PROSITE-ProRule:PRU00041"; DOMAIN 615..874; /note="Protein kinase"; /evidence="ECO:0000255|PROSITE-ProRule:PRU00159"; DOMAIN 875..942; /note="AGC-kinase C-terminal"; /evidence="ECO:0000255|PROSITE-ProRule:PRU00618";
Q9UPZ9	CMGC_CILK1	CMGC	CILK1 ICK KIAA0936	632	DOMAIN 4..284; /note="Protein kinase"; /evidence="ECO:0000255|PROSITE-ProRule:PRU00159, ECO:0000305";
Q8IU85	CAMK_CAMK1D	CAMK	CAMK1D CAMKID	385	DOMAIN 23..279; /note="Protein kinase"; /evidence="ECO:0000255|PROSITE-ProRule:PRU00159";
O94768	CAMK_STK17B	CAMK	STK17B DRAK2	372	DOMAIN 33..293; /note="Protein kinase"; /evidence="ECO:0000255|PROSITE-ProRule:PRU00159";
P53355	CAMK_DAPK1	CAMK	DAPK1 DAPK	1430	DOMAIN 13..275; /note="Protein kinase"; /evidence="ECO:0000255|PROSITE-ProRule:PRU00159"; DOMAIN 681..955; /note="Roc"; /evidence="ECO:0000255|PROSITE-ProRule:PRU00758"; DOMAIN 1312..1396; /note="Death"; /evidence="ECO:0000255|PROSITE-ProRule:PRU00064";
Q6DT37	AGC_CDC42BPG	AGC	CDC42BPG DMPK2	1551	DOMAIN 71..337; /note="Protein kinase"; /evidence="ECO:0000255|PROSITE-ProRule:PRU00159, ECO:0000269|PubMed:15194684"; DOMAIN 338..408; /note="AGC-kinase C-terminal"; /evidence="ECO:0000255|PROSITE-ProRule:PRU00618"; DOMAIN 947..1066; /note="PH"; /evidence="ECO:0000255|PROSITE-ProRule:PRU00145"; DOMAIN 1092..1366; /note="CNH"; /evidence="ECO:0000255|PROSITE-ProRule:PRU00795"; DOMAIN 1437..1450; /note="CRIB"; /evidence="ECO:0000255|PROSITE-ProRule:PRU00057";
P57059	CAMK_SIK1	CAMK	SIK1 SIK SNF1LK	783	DOMAIN 27..278; /note="Protein kinase"; /evidence="ECO:0000255|PROSITE-ProRule:PRU00159"; DOMAIN 303..343; /note="UBA"; /evidence="ECO:0000255|PROSITE-ProRule:PRU00212";
Q9UPE1	CMGC_SRPK3	CMGC	SRPK3 MSSK1 STK23	567	DOMAIN 79..565; /note="Protein kinase"; /evidence="ECO:0000255|PROSITE-ProRule:PRU00159";
Q15139	CAMK_PRKD1	CAMK	PRKD1 PKD PKD1 PRKCM	912	DOMAIN 422..541; /note="PH"; /evidence="ECO:0000255|PROSITE-ProRule:PRU00145"; DOMAIN 583..839; /note="Protein kinase"; /evidence="ECO:0000255|PROSITE-ProRule:PRU00159";
Q14C86	other_GAPVD1	other	GAPVD1 GAPEX5 KIAA1521 RAP6	1478	DOMAIN 131..353; /note="Ras-GAP"; /evidence="ECO:0000255|PROSITE-ProRule:PRU00167"; DOMAIN 1338..1478; /note="VPS9"; /evidence="ECO:0000255|PROSITE-ProRule:PRU00550";
Q15835	AGC_GRK1	AGC	GRK1 RHOK	563	DOMAIN 58..175; /note="RGS"; /evidence="ECO:0000255|PROSITE-ProRule:PRU00171"; DOMAIN 190..455; /note="Protein kinase"; /evidence="ECO:0000255|PROSITE-ProRule:PRU00159"; DOMAIN 456..521; /note="AGC-kinase C-terminal"; /evidence="ECO:0000255|PROSITE-ProRule:PRU00618";
Q9UIK4	CAMK_DAPK2	CAMK	DAPK2	370	DOMAIN 23..285; /note="Protein kinase"; /evidence="ECO:0000255|PROSITE-ProRule:PRU00159";
P34947	AGC_GRK5	AGC	GRK5 GPRK5	590	DOMAIN 53..171; /note="RGS"; /evidence="ECO:0000255|PROSITE-ProRule:PRU00171"; DOMAIN 186..448; /note="Protein kinase"; /evidence="ECO:0000255|PROSITE-ProRule:PRU00159"; DOMAIN 449..514; /note="AGC-kinase C-terminal"; /evidence="ECO:0000255|PROSITE-ProRule:PRU00618";
Q9HBY8	AGC_SGK2	AGC	SGK2	367	DOMAIN 35..292; /note="Protein kinase"; /evidence="ECO:0000255|PROSITE-ProRule:PRU00159"; DOMAIN 293..367; /note="AGC-kinase C-terminal"; /evidence="ECO:0000255|PROSITE-ProRule:PRU00618";
Q14680	CAMK_MELK	CAMK	MELK KIAA0175	651	DOMAIN 11..263; /note="Protein kinase"; /evidence="ECO:0000255|PROSITE-ProRule:PRU00159"; DOMAIN 602..651; /note="KA1"; /evidence="ECO:0000255|PROSITE-ProRule:PRU00565";
P20794	CMGC_MAK	CMGC	MAK	623	DOMAIN 4..284; /note="Protein kinase"; /evidence="ECO:0000255|PROSITE-ProRule:PRU00159";
Q16644	CAMK_MAPKAPK3	CAMK	MAPKAPK3	382	DOMAIN 44..304; /note="Protein kinase"; /evidence="ECO:0000255|PROSITE-ProRule:PRU00159";
Q9Y463	CMGC_DYRK1B	CMGC	DYRK1B MIRK	629	DOMAIN 111..431; /note="Protein kinase"; /evidence="ECO:0000255|PROSITE-ProRule:PRU00159";
O14578	AGC_CIT	AGC	CIT CRIK KIAA0949 STK21	2027	DOMAIN 97..360; /note="Protein kinase"; /evidence="ECO:0000255|PROSITE-ProRule:PRU00159"; DOMAIN 361..431; /note="AGC-kinase C-terminal"; /evidence="ECO:0000255|PROSITE-ProRule:PRU00618"; DOMAIN 1443..1563; /note="PH"; /evidence="ECO:0000255|PROSITE-ProRule:PRU00145"; DOMAIN 1591..1881; /note="CNH"; /evidence="ECO:0000255|PROSITE-ProRule:PRU00795";
O15075	CAMK_DCLK1	CAMK	DCLK1 DCAMKL1 DCDC3A KIAA0369	740	DOMAIN 57..143; /note="Doublecortin 1"; /evidence="ECO:0000255|PROSITE-ProRule:PRU00072"; DOMAIN 186..269; /note="Doublecortin 2"; /evidence="ECO:0000255|PROSITE-ProRule:PRU00072"; DOMAIN 390..647; /note="Protein kinase"; /evidence="ECO:0000255|PROSITE-ProRule:PRU00159";
Q05655	AGC_PRKCD	AGC	PRKCD PKCD	676	DOMAIN 1..106; /note="C2"; /evidence="ECO:0000255|PROSITE-ProRule:PRU00041"; DOMAIN 349..603; /note="Protein kinase"; /evidence="ECO:0000255|PROSITE-ProRule:PRU00159"; DOMAIN 604..675; /note="AGC-kinase C-terminal"; /evidence="ECO:0000255|PROSITE-ProRule:PRU00618";
P54646	CAMK_PRKAA2	CAMK	PRKAA2 AMPK AMPK2	552	DOMAIN 16..268; /note="Protein kinase"; /evidence="ECO:0000255|PROSITE-ProRule:PRU00159";
Q13237	AGC_PRKG2	AGC	PRKG2 PRKGR2	762	DOMAIN 453..711; /note="Protein kinase"; /evidence="ECO:0000255|PROSITE-ProRule:PRU00159"; DOMAIN 712..762; /note="AGC-kinase C-terminal"; /evidence="ECO:0000255|PROSITE-ProRule:PRU00618";
Q96BR1	AGC_SGK3	AGC	SGK3 CISK SGKL	496	DOMAIN 12..124; /note="PX"; /evidence="ECO:0000255|PROSITE-ProRule:PRU00147"; DOMAIN 162..419; /note="Protein kinase"; /evidence="ECO:0000255|PROSITE-ProRule:PRU00159"; DOMAIN 420..496; /note="AGC-kinase C-terminal"; /evidence="ECO:0000255|PROSITE-ProRule:PRU00618";
Q00532	CMGC_CDKL1	CMGC	CDKL1	357	DOMAIN 4..287; /note="Protein kinase"; /evidence="ECO:0000255|PROSITE-ProRule:PRU00159";
P53778	CMGC_MAPK12	CMGC	MAPK12 ERK6 SAPK3	367	DOMAIN 27..311; /note="Protein kinase"; /evidence="ECO:0000255|PROSITE-ProRule:PRU00159";
O15264	CMGC_MAPK13	CMGC	MAPK13 PRKM13 SAPK4	365	DOMAIN 25..308; /note="Protein kinase"; /evidence="ECO:0000255|PROSITE-ProRule:PRU00159";
P31751	AGC_AKT2	AGC	AKT2	481	DOMAIN 5..108; /note="PH"; /evidence="ECO:0000255|PROSITE-ProRule:PRU00145"; DOMAIN 152..409; /note="Protein kinase"; /evidence="ECO:0000255|PROSITE-ProRule:PRU00159"; DOMAIN 410..481; /note="AGC-kinase C-terminal"; /evidence="ECO:0000255|PROSITE-ProRule:PRU00618";
P35626	AGC_GRK3	AGC	GRK3 ADRBK2 BARK2	688	DOMAIN 54..175; /note="RGS"; /evidence="ECO:0000255|PROSITE-ProRule:PRU00171"; DOMAIN 191..453; /note="Protein kinase"; /evidence="ECO:0000255|PROSITE-ProRule:PRU00159"; DOMAIN 454..521; /note="AGC-kinase C-terminal"; /evidence="ECO:0000255|PROSITE-ProRule:PRU00618"; DOMAIN 558..652; /note="PH"; /evidence="ECO:0000255|PROSITE-ProRule:PRU00145";
Q5VT25	AGC_CDC42BPA	AGC	CDC42BPA KIAA0451	1732	DOMAIN 77..343; /note="Protein kinase"; /evidence="ECO:0000255|PROSITE-ProRule:PRU00159, ECO:0000269|PubMed:9092543"; DOMAIN 344..414; /note="AGC-kinase C-terminal"; /evidence="ECO:0000255|PROSITE-ProRule:PRU00618"; DOMAIN 1082..1201; /note="PH"; /evidence="ECO:0000255|PROSITE-ProRule:PRU00145"; DOMAIN 1227..1499; /note="CNH"; /evidence="ECO:0000255|PROSITE-ProRule:PRU00795"; DOMAIN 1571..1584; /note="CRIB"; /evidence="ECO:0000255|PROSITE-ProRule:PRU00057";
P49841	CMGC_GSK3B	CMGC	GSK3B	420	DOMAIN 56..340; /note="Protein kinase"; /evidence="ECO:0000255|PROSITE-ProRule:PRU00159";
Q9H0K1	CAMK_SIK2	CAMK	SIK2 KIAA0781 QIK SNF1LK2	926	DOMAIN 20..271; /note="Protein kinase"; /evidence="ECO:0000255|PROSITE-ProRule:PRU00159"; DOMAIN 295..335; /note="UBA"; /evidence="ECO:0000255|PROSITE-ProRule:PRU00212";
O00141	AGC_SGK1	AGC	SGK1 SGK	431	DOMAIN 98..355; /note="Protein kinase"; /evidence="ECO:0000255|PROSITE-ProRule:PRU00159"; DOMAIN 356..431; /note="AGC-kinase C-terminal"; /evidence="ECO:0000255|PROSITE-ProRule:PRU00618";
Q8IW41	CAMK_MAPKAPK5	CAMK	MAPKAPK5 PRAK	473	DOMAIN 22..304; /note="Protein kinase"; /evidence="ECO:0000255|PROSITE-ProRule:PRU00159";
Q96PN8	CAMK_TSSK3	CAMK	TSSK3 SPOGA3 STK22C	268	DOMAIN 10..265; /note="Protein kinase"; /evidence="ECO:0000255|PROSITE-ProRule:PRU00159";
O60307	AGC_MAST3	AGC	MAST3 KIAA0561	1309	DOMAIN 367..640; /note="Protein kinase"; /evidence="ECO:0000255|PROSITE-ProRule:PRU00159"; DOMAIN 641..712; /note="AGC-kinase C-terminal"; /evidence="ECO:0000255|PROSITE-ProRule:PRU00618"; DOMAIN 950..1038; /note="PDZ"; /evidence="ECO:0000255|PROSITE-ProRule:PRU00143";
Q00537	CMGC_CDK17	CMGC	CDK17 PCTAIRE2 PCTK2	523	DOMAIN 192..473; /note="Protein kinase"; /evidence="ECO:0000255|PROSITE-ProRule:PRU00159";
Q15131	CMGC_CDK10	CMGC	CDK10	360	DOMAIN 39..323; /note="Protein kinase"; /evidence="ECO:0000255|PROSITE-ProRule:PRU00159";
P49761	CMGC_CLK3	CMGC	CLK3	638	DOMAIN 304..620; /note="Protein kinase"; /evidence="ECO:0000255|PROSITE-ProRule:PRU00159";
Q9NRM7	AGC_LATS2	AGC	LATS2 KPM	1088	DOMAIN 98..139; /note="UBA"; /evidence="ECO:0000255|PROSITE-ProRule:PRU00212"; DOMAIN 668..973; /note="Protein kinase"; /evidence="ECO:0000255|PROSITE-ProRule:PRU00159"; DOMAIN 974..1052; /note="AGC-kinase C-terminal"; /evidence="ECO:0000255|PROSITE-ProRule:PRU00618";
P49760	CMGC_CLK2	CMGC	CLK2	499	DOMAIN 163..479; /note="Protein kinase"; /evidence="ECO:0000255|PROSITE-ProRule:PRU00159";
Q6SA08	CAMK_TSSK4	CAMK	TSSK4 C14orf20 STK22E TSSK5	328	DOMAIN 25..293; /note="Protein kinase"; /evidence="ECO:0000255|PROSITE-ProRule:PRU00159";
Q15349	AGC_RPS6KA2	AGC	RPS6KA2 MAPKAPK1C RSK3	733	DOMAIN 59..318; /note="Protein kinase 1"; /evidence="ECO:0000255|PROSITE-ProRule:PRU00159"; DOMAIN 319..388; /note="AGC-kinase C-terminal"; /evidence="ECO:0000255|PROSITE-ProRule:PRU00618"; DOMAIN 415..672; /note="Protein kinase 2"; /evidence="ECO:0000255|PROSITE-ProRule:PRU00159";
O75582	AGC_RPS6KA5	AGC	RPS6KA5 MSK1	802	DOMAIN 49..318; /note="Protein kinase 1"; /evidence="ECO:0000255|PROSITE-ProRule:PRU00159"; DOMAIN 319..387; /note="AGC-kinase C-terminal"; /evidence="ECO:0000255|PROSITE-ProRule:PRU00618"; DOMAIN 426..687; /note="Protein kinase 2"; /evidence="ECO:0000255|PROSITE-ProRule:PRU00159";
Q9BXA6	CAMK_TSSK6	CAMK	TSSK6 SSTK FKSG82	273	DOMAIN 12..267; /note="Protein kinase"; /evidence="ECO:0000255|PROSITE-ProRule:PRU00159";
Q8IWQ3	CAMK_BRSK2	CAMK	BRSK2 C11orf7 PEN11B SADA STK29 HUSSY-12	736	DOMAIN 19..270; /note="Protein kinase"; /evidence="ECO:0000255|PROSITE-ProRule:PRU00159"; DOMAIN 297..339; /note="UBA";
P41743	AGC_PRKCI	AGC	PRKCI DXS1179E	596	DOMAIN 25..108; /note="PB1"; /evidence="ECO:0000255|PROSITE-ProRule:PRU01081"; DOMAIN 254..522; /note="Protein kinase"; /evidence="ECO:0000255|PROSITE-ProRule:PRU00159"; DOMAIN 523..594; /note="AGC-kinase C-terminal"; /evidence="ECO:0000255|PROSITE-ProRule:PRU00618";
Q9BYT3	CAMK_STK33	CAMK	STK33	514	DOMAIN 116..381; /note="Protein kinase"; /evidence="ECO:0000255|PROSITE-ProRule:PRU00159";
Q92772	CMGC_CDKL2	CMGC	CDKL2	493	DOMAIN 4..287; /note="Protein kinase"; /evidence="ECO:0000255|PROSITE-ProRule:PRU00159";
O94806	CAMK_PRKD3	CAMK	PRKD3 EPK2 PRKCN	890	DOMAIN 416..532; /note="PH"; /evidence="ECO:0000255|PROSITE-ProRule:PRU00145"; DOMAIN 576..832; /note="Protein kinase"; /evidence="ECO:0000255|PROSITE-ProRule:PRU00159";
Q9Y5S2	AGC_CDC42BPB	AGC	CDC42BPB KIAA1124	1711	DOMAIN 76..342; /note="Protein kinase"; /evidence="ECO:0000250|UniProtKB:Q5VT25, ECO:0000255|PROSITE-ProRule:PRU00159"; DOMAIN 343..413; /note="AGC-kinase C-terminal"; /evidence="ECO:0000255|PROSITE-ProRule:PRU00618"; DOMAIN 1095..1214; /note="PH"; /evidence="ECO:0000255|PROSITE-ProRule:PRU00145"; DOMAIN 1240..1513; /note="CNH"; /evidence="ECO:0000255|PROSITE-ProRule:PRU00795"; DOMAIN 1583..1596; /note="CRIB"; /evidence="ECO:0000255|PROSITE-ProRule:PRU00057";
P27448	CAMK_MARK3	CAMK	MARK3 CTAK1 EMK2	753	DOMAIN 56..307; /note="Protein kinase"; /evidence="ECO:0000255|PROSITE-ProRule:PRU00159"; DOMAIN 326..365; /note="UBA"; /evidence="ECO:0000255|PROSITE-ProRule:PRU00212"; DOMAIN 704..753; /note="KA1"; /evidence="ECO:0000255|PROSITE-ProRule:PRU00565";
Q9UBE8	CMGC_NLK	CMGC	NLK LAK1	527	DOMAIN 138..427; /note="Protein kinase"; /evidence="ECO:0000255|PROSITE-ProRule:PRU00159";
Q04759	AGC_PRKCQ	AGC	PRKCQ PRKCT	706	DOMAIN 1..107; /note="C2"; /evidence="ECO:0000255|PROSITE-ProRule:PRU00041"; DOMAIN 380..634; /note="Protein kinase"; /evidence="ECO:0000255|PROSITE-ProRule:PRU00159"; DOMAIN 635..706; /note="AGC-kinase C-terminal"; /evidence="ECO:0000255|PROSITE-ProRule:PRU00618";
Q6P2M8	CAMK_PNCK	CAMK	PNCK	343	DOMAIN 15..270; /note="Protein kinase"; /evidence="ECO:0000255|PROSITE-ProRule:PRU00159";
Q9UEE5	CAMK_STK17A	CAMK	STK17A DRAK1	414	DOMAIN 61..321; /note="Protein kinase"; /evidence="ECO:0000255|PROSITE-ProRule:PRU00159";
P31749	AGC_AKT1	AGC	AKT1 PKB RAC	480	DOMAIN 5..108; /note="PH"; /evidence="ECO:0000255|PROSITE-ProRule:PRU00145"; DOMAIN 150..408; /note="Protein kinase"; /evidence="ECO:0000255|PROSITE-ProRule:PRU00159"; DOMAIN 409..480; /note="AGC-kinase C-terminal"; /evidence="ECO:0000255|PROSITE-ProRule:PRU00618";
Q8N5S9	other_CAMKK1	other	CAMKK1 CAMKKA	505	DOMAIN 128..409; /note="Protein kinase"; /evidence="ECO:0000255|PROSITE-ProRule:PRU00159";
Q8N2I9	CAMK_STK40	CAMK	STK40 SGK495 SHIK	435	DOMAIN 35..331; /note="Protein kinase"; /evidence="ECO:0000255|PROSITE-ProRule:PRU00159";
Q9NRH2	CAMK_SNRK	CAMK	SNRK KIAA0096 SNFRK	765	DOMAIN 16..269; /note="Protein kinase"; /evidence="ECO:0000255|PROSITE-ProRule:PRU00159"; DOMAIN 291..334; /note="UBA"; /evidence="ECO:0000255|PROSITE-ProRule:PRU00212";
P25098	AGC_GRK2	AGC	GRK2 ADRBK1 BARK BARK1	689	DOMAIN 54..175; /note="RGS"; /evidence="ECO:0000255|PROSITE-ProRule:PRU00171"; DOMAIN 191..453; /note="Protein kinase"; /evidence="ECO:0000255|PROSITE-ProRule:PRU00159"; DOMAIN 454..521; /note="AGC-kinase C-terminal"; /evidence="ECO:0000255|PROSITE-ProRule:PRU00618"; DOMAIN 558..652; /note="PH"; /evidence="ECO:0000255|PROSITE-ProRule:PRU00145";
Q8IY84	CAMK_NIM1K	CAMK	NIM1K NIM1	436	DOMAIN 74..325; /note="Protein kinase"; /evidence="ECO:0000255|PROSITE-ProRule:PRU00159";
Q96RR4	other_CAMKK2	other	CAMKK2 CAMKKB KIAA0787	588	DOMAIN 165..446; /note="Protein kinase"; /evidence="ECO:0000255|PROSITE-ProRule:PRU00159";
Q96QS6	CAMK_PSKH2	CAMK	PSKH2	385	DOMAIN 63..320; /note="Protein kinase"; /evidence="ECO:0000255|PROSITE-ProRule:PRU00159";
O15021	AGC_MAST4	AGC	MAST4 KIAA0303	2623	DOMAIN 570..843; /note="Protein kinase"; /evidence="ECO:0000255|PROSITE-ProRule:PRU00159"; DOMAIN 844..916; /note="AGC-kinase C-terminal"; /evidence="ECO:0000255|PROSITE-ProRule:PRU00618"; DOMAIN 1141..1229; /note="PDZ"; /evidence="ECO:0000255|PROSITE-ProRule:PRU00143";
Q05513	AGC_PRKCZ	AGC	PRKCZ PKC2	592	DOMAIN 15..98; /note="PB1"; /evidence="ECO:0000255|PROSITE-ProRule:PRU01081"; DOMAIN 252..518; /note="Protein kinase"; /evidence="ECO:0000255|PROSITE-ProRule:PRU00159"; DOMAIN 519..590; /note="AGC-kinase C-terminal"; /evidence="ECO:0000255|PROSITE-ProRule:PRU00618";
O75676	AGC_RPS6KA4	AGC	RPS6KA4 MSK2	772	DOMAIN 33..301; /note="Protein kinase 1"; /evidence="ECO:0000255|PROSITE-ProRule:PRU00159"; DOMAIN 302..371; /note="AGC-kinase C-terminal"; /evidence="ECO:0000255|PROSITE-ProRule:PRU00618"; DOMAIN 411..674; /note="Protein kinase 2"; /evidence="ECO:0000255|PROSITE-ProRule:PRU00159";
Q9HAZ1	CMGC_CLK4	CMGC	CLK4	481	DOMAIN 159..475; /note="Protein kinase"; /evidence="ECO:0000255|PROSITE-ProRule:PRU00159";
Q5TCY1	CK1_TTBK1	CK1	TTBK1 BDTK KIAA1855	1321	DOMAIN 34..297; /note="Protein kinase"; /evidence="ECO:0000255|PROSITE-ProRule:PRU00159";
Q16816	CAMK_PHKG1	CAMK	PHKG1 PHKG	387	DOMAIN 20..288; /note="Protein kinase"; /evidence="ECO:0000255|PROSITE-ProRule:PRU00159";
P45983	CMGC_MAPK8	CMGC	MAPK8 JNK1 PRKM8 SAPK1 SAPK1C	427	DOMAIN 26..321; /note="Protein kinase"; /evidence="ECO:0000255|PROSITE-ProRule:PRU00159";
P49759	CMGC_CLK1	CMGC	CLK1 CLK	484	DOMAIN 161..477; /note="Protein kinase"; /evidence="ECO:0000255|PROSITE-ProRule:PRU00159";
Q9UQ88	CMGC_CDK11A	CMGC	CDK11A CDC2L2 CDC2L3 PITSLREB	783	DOMAIN 427..647; /note="Protein kinase"; /evidence="ECO:0000255|PROSITE-ProRule:PRU00159";
Q9BXA7	CAMK_TSSK1B	CAMK	TSSK1B SPOGA1 SPOGA4 STK22A STK22D TSSK1 FKSG81	367	DOMAIN 12..272; /note="Protein kinase"; /evidence="ECO:0000255|PROSITE-ProRule:PRU00159";
Q9Y2H9	AGC_MAST1	AGC	MAST1 KIAA0973 SAST	1570	DOMAIN 374..647; /note="Protein kinase"; /evidence="ECO:0000255|PROSITE-ProRule:PRU00159"; DOMAIN 648..719; /note="AGC-kinase C-terminal"; /evidence="ECO:0000255|PROSITE-ProRule:PRU00618"; DOMAIN 967..1055; /note="PDZ"; /evidence="ECO:0000255|PROSITE-ProRule:PRU00143";
Q9C098	CAMK_DCLK3	CAMK	DCLK3 DCAMKL3 DCDC3C KIAA1765	648	DOMAIN 356..613; /note="Protein kinase"; /evidence="ECO:0000255|PROSITE-ProRule:PRU00159";
Q02156	AGC_PRKCE	AGC	PRKCE PKCE	737	DOMAIN 1..117; /note="C2"; /evidence="ECO:0000255|PROSITE-ProRule:PRU00041"; DOMAIN 408..668; /note="Protein kinase"; /evidence="ECO:0000255|PROSITE-ProRule:PRU00159"; DOMAIN 669..737; /note="AGC-kinase C-terminal"; /evidence="ECO:0000255|PROSITE-ProRule:PRU00618";
Q9BWU1	CMGC_CDK19	CMGC	CDK19 CDC2L6 CDK11 KIAA1028	502	DOMAIN 21..335; /note="Protein kinase"; /evidence="ECO:0000255|PROSITE-ProRule:PRU00159";
P21127	CMGC_CDK11B	CMGC	CDK11B CDC2L1 CDK11 PITSLREA PK58	795	DOMAIN 438..723; /note="Protein kinase"; /evidence="ECO:0000255|PROSITE-ProRule:PRU00159";
Q9UK32	AGC_RPS6KA6	AGC	RPS6KA6 RSK4	745	DOMAIN 73..330; /note="Protein kinase 1"; /evidence="ECO:0000255|PROSITE-ProRule:PRU00159"; DOMAIN 331..400; /note="AGC-kinase C-terminal"; /evidence="ECO:0000255|PROSITE-ProRule:PRU00618"; DOMAIN 426..683; /note="Protein kinase 2"; /evidence="ECO:0000255|PROSITE-ProRule:PRU00159";
Q00536	CMGC_CDK16	CMGC	CDK16 PCTAIRE1 PCTK1	496	DOMAIN 165..446; /note="Protein kinase"; /evidence="ECO:0000255|PROSITE-ProRule:PRU00159";
P22612	AGC_PRKACG	AGC	PRKACG	351	DOMAIN 44..298; /note="Protein kinase"; /evidence="ECO:0000255|PROSITE-ProRule:PRU00159"; DOMAIN 299..351; /note="AGC-kinase C-terminal"; /evidence="ECO:0000255|PROSITE-ProRule:PRU00618";
Q96PF2	CAMK_TSSK2	CAMK	TSSK2 DGSG SPOGA2 STK22B	358	DOMAIN 12..272; /note="Protein kinase"; /evidence="ECO:0000255|PROSITE-ProRule:PRU00159";
Q07002	CMGC_CDK18	CMGC	CDK18 PCTAIRE3 PCTK3	474	DOMAIN 144..425; /note="Protein kinase"; /evidence="ECO:0000255|PROSITE-ProRule:PRU00159";
P23443	AGC_RPS6KB1	AGC	RPS6KB1 STK14A	525	DOMAIN 91..352; /note="Protein kinase"; /evidence="ECO:0000255|PROSITE-ProRule:PRU00159"; DOMAIN 353..423; /note="AGC-kinase C-terminal"; /evidence="ECO:0000255|PROSITE-ProRule:PRU00618";
P45984	CMGC_MAPK9	CMGC	MAPK9 JNK2 PRKM9 SAPK1A	424	DOMAIN 26..321; /note="Protein kinase"; /evidence="ECO:0000255|PROSITE-ProRule:PRU00159";
Q9BZL6	CAMK_PRKD2	CAMK	PRKD2 PKD2 HSPC187	878	DOMAIN 397..509; /note="PH"; /evidence="ECO:0000255|PROSITE-ProRule:PRU00145"; DOMAIN 551..807; /note="Protein kinase"; /evidence="ECO:0000255|PROSITE-ProRule:PRU00159";
Q16659	CMGC_MAPK6	CMGC	MAPK6 ERK3 PRKM6	721	DOMAIN 20..316; /note="Protein kinase"; /evidence="ECO:0000255|PROSITE-ProRule:PRU00159";
Q9Y243	AGC_AKT3	AGC	AKT3 PKBG	479	DOMAIN 5..107; /note="PH"; /evidence="ECO:0000255|PROSITE-ProRule:PRU00145"; DOMAIN 148..405; /note="Protein kinase"; /evidence="ECO:0000255|PROSITE-ProRule:PRU00159"; DOMAIN 406..479; /note="AGC-kinase C-terminal"; /evidence="ECO:0000255|PROSITE-ProRule:PRU00618";
Q13976	AGC_PRKG1	AGC	PRKG1 PRKG1B PRKGR1A PRKGR1B	671	DOMAIN 360..619; /note="Protein kinase"; /evidence="ECO:0000255|PROSITE-ProRule:PRU00159"; DOMAIN 620..671; /note="AGC-kinase C-terminal"; /evidence="ECO:0000255|PROSITE-ProRule:PRU00618";
A0A0B4J2F2	CAMK_SIK1B	CAMK	SIK1B	783	DOMAIN 27..278; /note="Protein kinase"; /evidence="ECO:0000255|PROSITE-ProRule:PRU00159"; DOMAIN 303..343; /note="UBA"; /evidence="ECO:0000255|PROSITE-ProRule:PRU00212";
O14757	CAMK_CHEK1	CAMK	CHEK1 CHK1	476	DOMAIN 9..265; /note="Protein kinase"; /evidence="ECO:0000255|PROSITE-ProRule:PRU00159";
P51812	AGC_RPS6KA3	AGC	RPS6KA3 ISPK1 MAPKAPK1B RSK2	740	DOMAIN 68..327; /note="Protein kinase 1"; /evidence="ECO:0000255|PROSITE-ProRule:PRU00159"; DOMAIN 328..397; /note="AGC-kinase C-terminal"; /evidence="ECO:0000255|PROSITE-ProRule:PRU00618"; DOMAIN 422..679; /note="Protein kinase 2"; /evidence="ECO:0000255|PROSITE-ProRule:PRU00159";
P24723	AGC_PRKCH	AGC	PRKCH PKCL PRKCL	683	DOMAIN 1..118; /note="C2"; /evidence="ECO:0000255|PROSITE-ProRule:PRU00041"; DOMAIN 355..614; /note="Protein kinase"; /evidence="ECO:0000255|PROSITE-ProRule:PRU00159"; DOMAIN 615..683; /note="AGC-kinase C-terminal"; /evidence="ECO:0000255|PROSITE-ProRule:PRU00618";
Q7KZI7	CAMK_MARK2	CAMK	MARK2 EMK1	788	DOMAIN 53..304; /note="Protein kinase"; /evidence="ECO:0000255|PROSITE-ProRule:PRU00159"; DOMAIN 323..362; /note="UBA"; /evidence="ECO:0000255|PROSITE-ProRule:PRU00212"; DOMAIN 739..788; /note="KA1"; /evidence="ECO:0000255|PROSITE-ProRule:PRU00565";
O75116	AGC_ROCK2	AGC	ROCK2 KIAA0619	1388	DOMAIN 92..354; /note="Protein kinase"; /evidence="ECO:0000255|PROSITE-ProRule:PRU00159"; DOMAIN 357..425; /note="AGC-kinase C-terminal"; /evidence="ECO:0000255|PROSITE-ProRule:PRU00618"; DOMAIN 497..573; /note="REM-1"; /evidence="ECO:0000255|PROSITE-ProRule:PRU01207"; DOMAIN 979..1047; /note="RhoBD"; /evidence="ECO:0000255|PROSITE-ProRule:PRU01206"; DOMAIN 1150..1349; /note="PH"; /evidence="ECO:0000255|PROSITE-ProRule:PRU00145";
Q9Y2K2	CAMK_SIK3	CAMK	SIK3 KIAA0999 QSK L19	1321	DOMAIN 66..317; /note="Protein kinase"; /evidence="ECO:0000255|PROSITE-ProRule:PRU00159"; DOMAIN 344..384; /note="UBA"; /evidence="ECO:0000255|PROSITE-ProRule:PRU00212";
O94921	CMGC_CDK14	CMGC	CDK14 KIAA0834 PFTK1	469	DOMAIN 135..419; /note="Protein kinase"; /evidence="ECO:0000255|PROSITE-ProRule:PRU00159";
Q7Z7J9	CAMK_CAMK2N1	CAMK	CAMK2N1	78	;
Q8TD08	CMGC_MAPK15	CMGC	MAPK15 ERK7 ERK8	544	DOMAIN 13..304; /note="Protein kinase"; /evidence="ECO:0000255|PROSITE-ProRule:PRU00159";
P05129	AGC_PRKCG	AGC	PRKCG PKCG	697	DOMAIN 157..275; /note="C2"; /evidence="ECO:0000255|PROSITE-ProRule:PRU00041"; DOMAIN 351..614; /note="Protein kinase"; /evidence="ECO:0000255|PROSITE-ProRule:PRU00159"; DOMAIN 615..685; /note="AGC-kinase C-terminal"; /evidence="ECO:0000255|PROSITE-ProRule:PRU00618";
Q8NCB2	CAMK_CAMKV	CAMK	CAMKV	501	DOMAIN 24..286; /note="Protein kinase"; /evidence="ECO:0000255|PROSITE-ProRule:PRU00159";
Q6P0Q8	AGC_MAST2	AGC	MAST2 KIAA0807 MAST205	1798	DOMAIN 512..785; /note="Protein kinase"; /evidence="ECO:0000255|PROSITE-ProRule:PRU00159"; DOMAIN 786..854; /note="AGC-kinase C-terminal"; /evidence="ECO:0000255|PROSITE-ProRule:PRU00618"; DOMAIN 1104..1192; /note="PDZ"; /evidence="ECO:0000255|PROSITE-ProRule:PRU00143";
Q6IQ55	CK1_TTBK2	CK1	TTBK2 KIAA0847	1244	DOMAIN 21..284; /note="Protein kinase"; /evidence="ECO:0000255|PROSITE-ProRule:PRU00159";
Q9NYV4	CMGC_CDK12	CMGC	CDK12 CRK7 CRKRS KIAA0904	1490	DOMAIN 727..1020; /note="Protein kinase"; /evidence="ECO:0000255|PROSITE-ProRule:PRU00159";
P22694	AGC_PRKACB	AGC	PRKACB	351	DOMAIN 44..298; /note="Protein kinase"; /evidence="ECO:0000255|PROSITE-ProRule:PRU00159"; DOMAIN 299..351; /note="AGC-kinase C-terminal"; /evidence="ECO:0000255|PROSITE-ProRule:PRU00618";
Q13309	other_SKP2	other	SKP2 FBXL1	424	;
Q96GX5	AGC_MASTL	AGC	MASTL GW GWL THC2	879	DOMAIN 35..835; /note="Protein kinase"; /evidence="ECO:0000255|PROSITE-ProRule:PRU00159"; DOMAIN 836..879; /note="AGC-kinase C-terminal"; /evidence="ECO:0000255|PROSITE-ProRule:PRU00618";
O60285	CAMK_NUAK1	CAMK	NUAK1 ARK5 KIAA0537 OMPHK1	661	DOMAIN 55..306; /note="Protein kinase"; /evidence="ECO:0000255|PROSITE-ProRule:PRU00159";
O76039	CMGC_CDKL5	CMGC	CDKL5 STK9	960	DOMAIN 13..297; /note="Protein kinase"; /evidence="ECO:0000255|PROSITE-ProRule:PRU00159";
Q8IVW4	CMGC_CDKL3	CMGC	CDKL3 NKIAMRE	592	DOMAIN 4..286; /note="Protein kinase"; /evidence="ECO:0000255|PROSITE-ProRule:PRU00159";
Q86UX6	other_STK32C	other	STK32C YANK3	486	DOMAIN 93..353; /note="Protein kinase"; /evidence="ECO:0000255|PROSITE-ProRule:PRU00159";
P11802	CMGC_CDK4	CMGC	CDK4	303	DOMAIN 6..295; /note="Protein kinase"; /evidence="ECO:0000255|PROSITE-ProRule:PRU00159";
O95835	AGC_LATS1	AGC	LATS1 WARTS	1130	DOMAIN 100..141; /note="UBA"; /evidence="ECO:0000255|PROSITE-ProRule:PRU00212"; DOMAIN 705..1010; /note="Protein kinase"; /evidence="ECO:0000255|PROSITE-ProRule:PRU00159"; DOMAIN 1011..1090; /note="AGC-kinase C-terminal"; /evidence="ECO:0000255|PROSITE-ProRule:PRU00618";
Q8NE63	CMGC_HIPK4	CMGC	HIPK4	616	DOMAIN 11..347; /note="Protein kinase"; /evidence="ECO:0000255|PROSITE-ProRule:PRU00159";
Q86V86	CAMK_PIM3	CAMK	PIM3	326	DOMAIN 40..293; /note="Protein kinase"; /evidence="ECO:0000255|PROSITE-ProRule:PRU00159";
Q8IV63	CK1_VRK3	CK1	VRK3	474	DOMAIN 166..457; /note="Protein kinase"; /evidence="ECO:0000255|PROSITE-ProRule:PRU00159";
Q8TDC3	CAMK_BRSK1	CAMK	BRSK1 KIAA1811 SAD1 SADB	778	DOMAIN 34..285; /note="Protein kinase"; /evidence="ECO:0000255|PROSITE-ProRule:PRU00159"; DOMAIN 314..356; /note="UBA"; /evidence="ECO:0000255|PROSITE-ProRule:PRU00212";
P31152	CMGC_MAPK4	CMGC	MAPK4 ERK4 PRKM4	587	DOMAIN 20..312; /note="Protein kinase"; /evidence="ECO:0000255|PROSITE-ProRule:PRU00159";
O43781	CMGC_DYRK3	CMGC	DYRK3	588	DOMAIN 209..522; /note="Protein kinase"; /evidence="ECO:0000255|PROSITE-ProRule:PRU00159";
Q14004	CMGC_CDK13	CMGC	CDK13 CDC2L CDC2L5 CHED KIAA1791	1512	DOMAIN 705..998; /note="Protein kinase"; /evidence="ECO:0000255|PROSITE-ProRule:PRU00159";
Q96Q40	CMGC_CDK15	CMGC	CDK15 ALS2CR7 PFTK2	435	DOMAIN 103..387; /note="Protein kinase"; /evidence="ECO:0000255|PROSITE-ProRule:PRU00159";
P49840	CMGC_GSK3A	CMGC	GSK3A	483	DOMAIN 119..403; /note="Protein kinase"; /evidence="ECO:0000255|PROSITE-ProRule:PRU00159";
Q13627	CMGC_DYRK1A	CMGC	DYRK1A DYRK MNB MNBH	763	DOMAIN 159..479; /note="Protein kinase"; /evidence="ECO:0000255|PROSITE-ProRule:PRU00159";
P49336	CMGC_CDK8	CMGC	CDK8	464	DOMAIN 21..335; /note="Protein kinase"; /evidence="ECO:0000255|PROSITE-ProRule:PRU00159";
Q5VST9	CAMK_OBSCN	CAMK	OBSCN KIAA1556 KIAA1639	7968	DOMAIN 10..100; /note="Ig-like 1"; DOMAIN 110..202; /note="Ig-like 2"; DOMAIN 236..322; /note="Ig-like 3"; DOMAIN 331..414; /note="Ig-like 4"; DOMAIN 420..508; /note="Ig-like 5"; DOMAIN 515..612; /note="Fibronectin type-III 1"; /evidence="ECO:0000255|PROSITE-ProRule:PRU00316"; DOMAIN 619..698; /note="Ig-like 6"; DOMAIN 701..790; /note="Ig-like 7"; DOMAIN 798..884; /note="Ig-like 8"; DOMAIN 886..977; /note="Ig-like 9"; DOMAIN 978..1066; /note="Ig-like 10"; DOMAIN 1070..1161; /note="Ig-like 11"; DOMAIN 1162..1252; /note="Ig-like 12"; DOMAIN 1254..1345; /note="Ig-like 13"; DOMAIN 1346..1432; /note="Ig-like 14"; DOMAIN 1438..1524; /note="Ig-like 15"; DOMAIN 1530..1621; /note="Ig-like 16"; DOMAIN 1622..1719; /note="Ig-like 17"; DOMAIN 1731..1808; /note="Fibronectin type-III 2"; /evidence="ECO:0000255|PROSITE-ProRule:PRU00316"; DOMAIN 1809..1894; /note="Ig-like 18"; DOMAIN 1896..1982; /note="Ig-like 19"; DOMAIN 1987..2071; /note="Ig-like 20"; DOMAIN 2077..2162; /note="Ig-like 21"; DOMAIN 2165..2249; /note="Ig-like 22"; DOMAIN 2289..2380; /note="Ig-like 23"; DOMAIN 2468..2559; /note="Ig-like 24"; DOMAIN 2564..2643; /note="Ig-like 25"; DOMAIN 2646..2730; /note="Ig-like 26"; DOMAIN 2736..2823; /note="Ig-like 27"; DOMAIN 2826..2908; /note="Ig-like 28"; DOMAIN 2920..2999; /note="Ig-like 29"; DOMAIN 3003..3092; /note="Ig-like 30"; DOMAIN 3095..3183; /note="Ig-like 31"; DOMAIN 3184..3268; /note="Ig-like 32"; DOMAIN 3273..3356; /note="Ig-like 33"; DOMAIN 3359..3444; /note="Ig-like 34"; DOMAIN 3449..3532; /note="Ig-like 35"; DOMAIN 3537..3620; /note="Ig-like 36"; DOMAIN 3625..3708; /note="Ig-like 37"; DOMAIN 3713..3796; /note="Ig-like 38"; DOMAIN 3801..3884; /note="Ig-like 39"; DOMAIN 3890..3973; /note="Ig-like 40"; DOMAIN 3978..4062; /note="Ig-like 41"; DOMAIN 4068..4160; /note="Ig-like 42"; DOMAIN 4171..4239; /note="Ig-like 43"; DOMAIN 4248..4337; /note="Ig-like 44"; DOMAIN 4340..4427; /note="Ig-like 45"; DOMAIN 4430..4518; /note="Ig-like 46"; DOMAIN 4525..4619; /note="Fibronectin type-III 3"; /evidence="ECO:0000255|PROSITE-ProRule:PRU00316"; DOMAIN 4624..4714; /note="Ig-like 47"; DOMAIN 4872..4901; /note="IQ"; /evidence="ECO:0000255|PROSITE-ProRule:PRU00116"; DOMAIN 4898..4989; /note="Ig-like 48"; DOMAIN 5126..5215; /note="Ig-like 49"; DOMAIN 5260..5349; /note="Ig-like 50"; DOMAIN 5371..5467; /note="Ig-like 51"; DOMAIN 5600..5667; /note="SH3"; /evidence="ECO:0000255|PROSITE-ProRule:PRU00192"; DOMAIN 5693..5877; /note="DH"; /evidence="ECO:0000255|PROSITE-ProRule:PRU00062"; DOMAIN 5895..6004; /note="PH"; /evidence="ECO:0000255|PROSITE-ProRule:PRU00145"; DOMAIN 6014..6097; /note="Ig-like 52"; DOMAIN 6108..6200; /note="Ig-like 53"; DOMAIN 6357..6445; /note="Ig-like 54"; DOMAIN 6468..6721; /note="Protein kinase 1"; /evidence="ECO:0000255|PROSITE-ProRule:PRU00159"; DOMAIN 7463..7552; /note="Ig-like 55"; DOMAIN 7557..7649; /note="Fibronectin type-III 4"; /evidence="ECO:0000255|PROSITE-ProRule:PRU00316"; DOMAIN 7672..7924; /note="Protein kinase 2"; /evidence="ECO:0000255|PROSITE-ProRule:PRU00159";
Q32MK0	CAMK_MYLK3	CAMK	MYLK3 MLCK	819	DOMAIN 515..770; /note="Protein kinase"; /evidence="ECO:0000255|PROSITE-ProRule:PRU00159";
Q13523	CMGC_PRPF4B	CMGC	PRPF4B KIAA0536 PRP4 PRP4H PRP4K	1007	DOMAIN 687..1006; /note="Protein kinase"; /evidence="ECO:0000255|PROSITE-ProRule:PRU00159";
Q9UQ07	CMGC_MOK	CMGC	MOK RAGE RAGE1	419	DOMAIN 4..285; /note="Protein kinase"; /evidence="ECO:0000255|PROSITE-ProRule:PRU00159";
Q9P1W9	CAMK_PIM2	CAMK	PIM2	311	DOMAIN 32..286; /note="Protein kinase"; /evidence="ECO:0000255|PROSITE-ProRule:PRU00159";
P27348	other_YWHAQ	other	YWHAQ	245	;
Q15831	CAMK_STK11	CAMK	STK11 LKB1 PJS	433	DOMAIN 49..309; /note="Protein kinase"; /evidence="ECO:0000255|PROSITE-ProRule:PRU00159";
O96017	CAMK_CHEK2	CAMK	CHEK2 CDS1 CHK2 RAD53	543	DOMAIN 113..175; /note="FHA"; /evidence="ECO:0000255|PROSITE-ProRule:PRU00086"; DOMAIN 220..486; /note="Protein kinase"; /evidence="ECO:0000255|PROSITE-ProRule:PRU00159";
Q96L34	CAMK_MARK4	CAMK	MARK4 KIAA1860 MARKL1	752	DOMAIN 59..310; /note="Protein kinase"; /evidence="ECO:0000255|PROSITE-ProRule:PRU00159"; DOMAIN 324..368; /note="UBA"; /evidence="ECO:0000255|PROSITE-ProRule:PRU00212"; DOMAIN 703..752; /note="KA1"; /evidence="ECO:0000255|PROSITE-ProRule:PRU00565";
Q9P0L2	CAMK_MARK1	CAMK	MARK1 KIAA1477 MARK	795	DOMAIN 60..311; /note="Protein kinase"; /evidence="ECO:0000255|PROSITE-ProRule:PRU00159"; DOMAIN 325..370; /note="UBA"; /evidence="ECO:0000255|PROSITE-ProRule:PRU00212"; DOMAIN 746..795; /note="KA1"; /evidence="ECO:0000255|PROSITE-ProRule:PRU00565";
P35221	other_CTNNA1	other	CTNNA1	906	;
Q8WZ42	CAMK_TTN	CAMK	TTN	34350	DOMAIN 6..96; /note="Ig-like 1"; DOMAIN 104..192; /note="Ig-like 2"; DOMAIN 943..1031; /note="Ig-like 3"; DOMAIN 1082..1172; /note="Ig-like 4"; DOMAIN 1291..1382; /note="Ig-like 5"; DOMAIN 1457..1546; /note="Ig-like 6"; DOMAIN 1556..1646; /note="Ig-like 7"; DOMAIN 1703..1793; /note="Ig-like 8"; DOMAIN 1841..1928; /note="Ig-like 9"; DOMAIN 2078..2167; /note="Ig-like 10"; DOMAIN 2171..2262; /note="Ig-like 11"; DOMAIN 2264..2354; /note="Ig-like 12"; DOMAIN 2353..2443; /note="Ig-like 13"; DOMAIN 2430..2529; /note="Ig-like 14"; DOMAIN 2620..2703; /note="Ig-like 15"; DOMAIN 2880..2965; /note="Ig-like 16"; DOMAIN 2968..3050; /note="Ig-like 17"; DOMAIN 3058..3141; /note="Ig-like 18"; DOMAIN 3239..3327; /note="Ig-like 19"; DOMAIN 3344..3432; /note="Ig-like 20"; DOMAIN 3503..3586; /note="Ig-like 21"; DOMAIN 3621..3712; /note="Ig-like 22"; DOMAIN 4289..4376; /note="Ig-like 23"; DOMAIN 4383..4471; /note="Ig-like 24"; DOMAIN 4478..4566; /note="Ig-like 25"; DOMAIN 4571..4659; /note="Ig-like 26"; DOMAIN 4664..4753; /note="Ig-like 27"; DOMAIN 4758..4846; /note="Ig-like 28"; DOMAIN 4851..4936; /note="Ig-like 29"; DOMAIN 4943..5032; /note="Ig-like 30"; DOMAIN 5040..5128; /note="Ig-like 31"; DOMAIN 5133..5221; /note="Ig-like 32"; DOMAIN 5225..5314; /note="Ig-like 33"; DOMAIN 5320..5408; /note="Ig-like 34"; DOMAIN 5413..5501; /note="Ig-like 35"; DOMAIN 5505..5594; /note="Ig-like 36"; DOMAIN 5602..5690; /note="Ig-like 37"; DOMAIN 5695..5783; /note="Ig-like 38"; DOMAIN 5788..5877; /note="Ig-like 39"; DOMAIN 5882..5970; /note="Ig-like 40"; DOMAIN 5975..6063; /note="Ig-like 41"; DOMAIN 6067..6156; /note="Ig-like 42"; DOMAIN 6164..6252; /note="Ig-like 43"; DOMAIN 6257..6347; /note="Ig-like 44"; DOMAIN 6350..6440; /note="Ig-like 45"; DOMAIN 6444..6534; /note="Ig-like 46"; DOMAIN 6537..6626; /note="Ig-like 47"; DOMAIN 6630..6721; /note="Ig-like 48"; DOMAIN 6727..6815; /note="Ig-like 49"; DOMAIN 6820..6908; /note="Ig-like 50"; DOMAIN 6912..7001; /note="Ig-like 51"; DOMAIN 7005..7093; /note="Ig-like 52"; DOMAIN 7102..7190; /note="Ig-like 53"; DOMAIN 7198..7286; /note="Ig-like 54"; DOMAIN 7291..7380; /note="Ig-like 55"; DOMAIN 7385..7473; /note="Ig-like 56"; DOMAIN 7478..7567; /note="Ig-like 57"; DOMAIN 7571..7662; /note="Ig-like 58"; DOMAIN 7668..7756; /note="Ig-like 59"; DOMAIN 7761..7849; /note="Ig-like 60"; DOMAIN 7853..7942; /note="Ig-like 61"; DOMAIN 7946..8035; /note="Ig-like 62"; DOMAIN 8042..8133; /note="Ig-like 63"; DOMAIN 8138..8229; /note="Ig-like 64"; DOMAIN 8232..8321; /note="Ig-like 65"; DOMAIN 8326..8414; /note="Ig-like 66"; DOMAIN 8419..8508; /note="Ig-like 67"; DOMAIN 8512..8603; /note="Ig-like 68"; DOMAIN 8609..8697; /note="Ig-like 69"; DOMAIN 8702..8790; /note="Ig-like 70"; DOMAIN 8794..8883; /note="Ig-like 71"; DOMAIN 8888..8976; /note="Ig-like 72"; DOMAIN 8984..9074; /note="Ig-like 73"; DOMAIN 9079..9168; /note="Ig-like 74"; DOMAIN 9176..9265; /note="Ig-like 75"; DOMAIN 9272..9361; /note="Ig-like 76"; DOMAIN 9366..9470; /note="Ig-like 77"; DOMAIN 9660..9755; /note="Ig-like 78"; DOMAIN 9760..9851; /note="Ig-like 79"; DOMAIN 12041..12133; /note="Ig-like 80"; DOMAIN 12138..12222; /note="Ig-like 81"; DOMAIN 12233..12318; /note="Ig-like 82"; DOMAIN 12499..12584; /note="Ig-like 83"; DOMAIN 12590..12672; /note="Ig-like 84"; DOMAIN 12766..12850; /note="Ig-like 85"; DOMAIN 12945..13032; /note="Ig-like 86"; DOMAIN 13120..13206; /note="Ig-like 87"; DOMAIN 13210..13295; /note="Ig-like 88"; DOMAIN 13299..13384; /note="Ig-like 89"; DOMAIN 13388..13478; /note="Ig-like 90"; DOMAIN 13479..13562; /note="Ig-like 91"; DOMAIN 13565..13655; /note="Ig-like 92"; DOMAIN 13659..13748; /note="Ig-like 93"; DOMAIN 13749..13833; /note="Ig-like 94"; DOMAIN 13927..14012; /note="Ig-like 95"; DOMAIN 14019..14114; /note="Fibronectin type-III 1"; /evidence="ECO:0000255|PROSITE-ProRule:PRU00316"; DOMAIN 14120..14215; /note="Fibronectin type-III 2"; /evidence="ECO:0000255|PROSITE-ProRule:PRU00316"; DOMAIN 14221..14316; /note="Fibronectin type-III 3"; /evidence="ECO:0000255|PROSITE-ProRule:PRU00316"; DOMAIN 14417..14513; /note="Fibronectin type-III 4"; /evidence="ECO:0000255|PROSITE-ProRule:PRU00316"; DOMAIN 14517..14614; /note="Fibronectin type-III 5"; /evidence="ECO:0000255|PROSITE-ProRule:PRU00316"; DOMAIN 14615..14708; /note="Ig-like 96"; DOMAIN 14713..14806; /note="Fibronectin type-III 6"; /evidence="ECO:0000255|PROSITE-ProRule:PRU00316"; DOMAIN 14812..14907; /note="Fibronectin type-III 7"; /evidence="ECO:0000255|PROSITE-ProRule:PRU00316"; DOMAIN 14913..15007; /note="Fibronectin type-III 8"; /evidence="ECO:0000255|PROSITE-ProRule:PRU00316"; DOMAIN 15010..15107; /note="Fibronectin type-III 9"; /evidence="ECO:0000255|PROSITE-ProRule:PRU00316"; DOMAIN 15113..15207; /note="Fibronectin type-III 10"; /evidence="ECO:0000255|PROSITE-ProRule:PRU00316"; DOMAIN 15214..15310; /note="Fibronectin type-III 11"; /evidence="ECO:0000255|PROSITE-ProRule:PRU00316"; DOMAIN 15314..15402; /note="Ig-like 97"; DOMAIN 15409..15503; /note="Fibronectin type-III 12"; /evidence="ECO:0000255|PROSITE-ProRule:PRU00316"; DOMAIN 15509..15604; /note="Fibronectin type-III 13"; /evidence="ECO:0000255|PROSITE-ProRule:PRU00316"; DOMAIN 15608..15724; /note="Ig-like 98"; DOMAIN 15731..15826; /note="Fibronectin type-III 14"; /evidence="ECO:0000255|PROSITE-ProRule:PRU00316"; DOMAIN 15832..15926; /note="Fibronectin type-III 15"; /evidence="ECO:0000255|PROSITE-ProRule:PRU00316"; DOMAIN 15929..16025; /note="Fibronectin type-III 16"; /evidence="ECO:0000255|PROSITE-ProRule:PRU00316"; DOMAIN 16029..16119; /note="Ig-like 99"; DOMAIN 16126..16218; /note="Fibronectin type-III 17"; /evidence="ECO:0000255|PROSITE-ProRule:PRU00316"; DOMAIN 16224..16318; /note="Fibronectin type-III 18"; /evidence="ECO:0000255|PROSITE-ProRule:PRU00316"; DOMAIN 16322..16420; /note="Ig-like 100"; DOMAIN 16427..16522; /note="Fibronectin type-III 19"; /evidence="ECO:0000255|PROSITE-ProRule:PRU00316"; DOMAIN 16528..16628; /note="Fibronectin type-III 20"; /evidence="ECO:0000255|PROSITE-ProRule:PRU00316"; DOMAIN 16634..16734; /note="Fibronectin type-III 21"; /evidence="ECO:0000255|PROSITE-ProRule:PRU00316"; DOMAIN 16727..16834; /note="Ig-like 101"; DOMAIN 16841..16934; /note="Fibronectin type-III 22"; /evidence="ECO:0000255|PROSITE-ProRule:PRU00316"; DOMAIN 16941..17041; /note="Fibronectin type-III 23"; /evidence="ECO:0000255|PROSITE-ProRule:PRU00316"; DOMAIN 17044..17139; /note="Ig-like 102"; DOMAIN 17147..17240; /note="Fibronectin type-III 24"; /evidence="ECO:0000255|PROSITE-ProRule:PRU00316"; DOMAIN 17246..17345; /note="Fibronectin type-III 25"; /evidence="ECO:0000255|PROSITE-ProRule:PRU00316"; DOMAIN 17348..17445; /note="Fibronectin type-III 26"; /evidence="ECO:0000255|PROSITE-ProRule:PRU00316"; DOMAIN 17449..17536; /note="Ig-like 103"; DOMAIN 17545..17640; /note="Fibronectin type-III 27"; /evidence="ECO:0000255|PROSITE-ProRule:PRU00316"; DOMAIN 17646..17741; /note="Fibronectin type-III 28"; /evidence="ECO:0000255|PROSITE-ProRule:PRU00316"; DOMAIN 17745..17834; /note="Ig-like 104"; DOMAIN 17842..17935; /note="Fibronectin type-III 29"; /evidence="ECO:0000255|PROSITE-ProRule:PRU00316"; DOMAIN 17941..18036; /note="Fibronectin type-III 30"; /evidence="ECO:0000255|PROSITE-ProRule:PRU00316"; DOMAIN 18042..18139; /note="Fibronectin type-III 31"; /evidence="ECO:0000255|PROSITE-ProRule:PRU00316"; DOMAIN 18143..18228; /note="Ig-like 105"; DOMAIN 18239..18333; /note="Fibronectin type-III 32"; /evidence="ECO:0000255|PROSITE-ProRule:PRU00316"; DOMAIN 18339..18431; /note="Fibronectin type-III 33"; /evidence="ECO:0000255|PROSITE-ProRule:PRU00316"; DOMAIN 18435..18526; /note="Ig-like 106"; DOMAIN 18533..18632; /note="Fibronectin type-III 34"; /evidence="ECO:0000255|PROSITE-ProRule:PRU00316"; DOMAIN 18633..18727; /note="Fibronectin type-III 35"; /evidence="ECO:0000255|PROSITE-ProRule:PRU00316"; DOMAIN 18733..18829; /note="Fibronectin type-III 36"; /evidence="ECO:0000255|PROSITE-ProRule:PRU00316"; DOMAIN 18833..18924; /note="Ig-like 107"; DOMAIN 18931..19025; /note="Fibronectin type-III 37"; /evidence="ECO:0000255|PROSITE-ProRule:PRU00316"; DOMAIN 19030..19124; /note="Fibronectin type-III 38"; /evidence="ECO:0000255|PROSITE-ProRule:PRU00316"; DOMAIN 19128..19219; /note="Ig-like 108"; DOMAIN 19226..19321; /note="Fibronectin type-III 39"; /evidence="ECO:0000255|PROSITE-ProRule:PRU00316"; DOMAIN 19325..19420; /note="Fibronectin type-III 40"; /evidence="ECO:0000255|PROSITE-ProRule:PRU00316"; DOMAIN 19426..19527; /note="Fibronectin type-III 41"; /evidence="ECO:0000255|PROSITE-ProRule:PRU00316"; DOMAIN 19531..19617; /note="Ig-like 109"; DOMAIN 19628..19722; /note="Fibronectin type-III 42"; /evidence="ECO:0000255|PROSITE-ProRule:PRU00316"; DOMAIN 19728..19823; /note="Fibronectin type-III 43"; /evidence="ECO:0000255|PROSITE-ProRule:PRU00316"; DOMAIN 19826..19914; /note="Ig-like 110"; DOMAIN 19921..20017; /note="Fibronectin type-III 44"; /evidence="ECO:0000255|PROSITE-ProRule:PRU00316"; DOMAIN 20018..20116; /note="Fibronectin type-III 45"; /evidence="ECO:0000255|PROSITE-ProRule:PRU00316"; DOMAIN 20119..20217; /note="Fibronectin type-III 46"; /evidence="ECO:0000255|PROSITE-ProRule:PRU00316"; DOMAIN 20220..20311; /note="Ig-like 111"; DOMAIN 20318..20411; /note="Fibronectin type-III 47"; /evidence="ECO:0000255|PROSITE-ProRule:PRU00316"; DOMAIN 20417..20512; /note="Fibronectin type-III 48"; /evidence="ECO:0000255|PROSITE-ProRule:PRU00316"; DOMAIN 20518..20613; /note="Fibronectin type-III 49"; /evidence="ECO:0000255|PROSITE-ProRule:PRU00316"; DOMAIN 20716..20813; /note="Fibronectin type-III 50"; /evidence="ECO:0000255|PROSITE-ProRule:PRU00316"; DOMAIN 20814..20908; /note="Fibronectin type-III 51"; /evidence="ECO:0000255|PROSITE-ProRule:PRU00316"; DOMAIN 20893..20996; /note="Ig-like 112"; DOMAIN 21006..21101; /note="Fibronectin type-III 52"; /evidence="ECO:0000255|PROSITE-ProRule:PRU00316"; DOMAIN 21105..21200; /note="Fibronectin type-III 53"; /evidence="ECO:0000255|PROSITE-ProRule:PRU00316"; DOMAIN 21203..21299; /note="Fibronectin type-III 54"; /evidence="ECO:0000255|PROSITE-ProRule:PRU00316"; DOMAIN 21303..21395; /note="Ig-like 113"; DOMAIN 21402..21495; /note="Fibronectin type-III 55"; /evidence="ECO:0000255|PROSITE-ProRule:PRU00316"; DOMAIN 21501..21596; /note="Fibronectin type-III 56"; /evidence="ECO:0000255|PROSITE-ProRule:PRU00316"; DOMAIN 21602..21697; /note="Fibronectin type-III 57"; /evidence="ECO:0000255|PROSITE-ProRule:PRU00316"; DOMAIN 21701..21793; /note="Ig-like 114"; DOMAIN 21797..21891; /note="Fibronectin type-III 58"; /evidence="ECO:0000255|PROSITE-ProRule:PRU00316"; DOMAIN 21894..21986; /note="Fibronectin type-III 59"; /evidence="ECO:0000255|PROSITE-ProRule:PRU00316"; DOMAIN 21990..22083; /note="Ig-like 115"; DOMAIN 22088..22182; /note="Fibronectin type-III 60"; /evidence="ECO:0000255|PROSITE-ProRule:PRU00316"; DOMAIN 22188..22283; /note="Fibronectin type-III 61"; /evidence="ECO:0000255|PROSITE-ProRule:PRU00316"; DOMAIN 22286..22382; /note="Fibronectin type-III 62"; /evidence="ECO:0000255|PROSITE-ProRule:PRU00316"; DOMAIN 22386..22477; /note="Ig-like 116"; DOMAIN 22484..22578; /note="Fibronectin type-III 63"; /evidence="ECO:0000255|PROSITE-ProRule:PRU00316"; DOMAIN 22584..22679; /note="Fibronectin type-III 64"; /evidence="ECO:0000255|PROSITE-ProRule:PRU00316"; DOMAIN 22685..22781; /note="Fibronectin type-III 65"; /evidence="ECO:0000255|PROSITE-ProRule:PRU00316"; DOMAIN 22785..22874; /note="Ig-like 117"; DOMAIN 22881..22976; /note="Fibronectin type-III 66"; /evidence="ECO:0000255|PROSITE-ProRule:PRU00316"; DOMAIN 22978..23071; /note="Fibronectin type-III 67"; /evidence="ECO:0000255|PROSITE-ProRule:PRU00316"; DOMAIN 23075..23163; /note="Ig-like 118"; DOMAIN 23170..23264; /note="Fibronectin type-III 68"; /evidence="ECO:0000255|PROSITE-ProRule:PRU00316"; DOMAIN 23270..23364; /note="Fibronectin type-III 69"; /evidence="ECO:0000255|PROSITE-ProRule:PRU00316"; DOMAIN 23368..23463; /note="Fibronectin type-III 70"; /evidence="ECO:0000255|PROSITE-ProRule:PRU00316"; DOMAIN 23468..23555; /note="Ig-like 119"; DOMAIN 23566..23660; /note="Fibronectin type-III 71"; /evidence="ECO:0000255|PROSITE-ProRule:PRU00316"; DOMAIN 23666..23761; /note="Fibronectin type-III 72"; /evidence="ECO:0000255|PROSITE-ProRule:PRU00316"; DOMAIN 23767..23863; /note="Fibronectin type-III 73"; /evidence="ECO:0000255|PROSITE-ProRule:PRU00316"; DOMAIN 23867..23954; /note="Ig-like 120"; DOMAIN 23963..24057; /note="Fibronectin type-III 74"; /evidence="ECO:0000255|PROSITE-ProRule:PRU00316"; DOMAIN 24060..24153; /note="Fibronectin type-III 75"; /evidence="ECO:0000255|PROSITE-ProRule:PRU00316"; DOMAIN 24157..24241; /note="Ig-like 121"; DOMAIN 24252..24346; /note="Fibronectin type-III 76"; /evidence="ECO:0000255|PROSITE-ProRule:PRU00316"; DOMAIN 24352..24446; /note="Fibronectin type-III 77"; /evidence="ECO:0000255|PROSITE-ProRule:PRU00316"; DOMAIN 24450..24546; /note="Fibronectin type-III 78"; /evidence="ECO:0000255|PROSITE-ProRule:PRU00316"; DOMAIN 24550..24641; /note="Ig-like 122"; DOMAIN 24648..24742; /note="Fibronectin type-III 79"; /evidence="ECO:0000255|PROSITE-ProRule:PRU00316"; DOMAIN 24748..24843; /note="Fibronectin type-III 80"; /evidence="ECO:0000255|PROSITE-ProRule:PRU00316"; DOMAIN 24849..24945; /note="Fibronectin type-III 81"; /evidence="ECO:0000255|PROSITE-ProRule:PRU00316"; DOMAIN 24949..25038; /note="Ig-like 123"; DOMAIN 25045..25139; /note="Fibronectin type-III 82"; /evidence="ECO:0000255|PROSITE-ProRule:PRU00316"; DOMAIN 25142..25235; /note="Fibronectin type-III 83"; /evidence="ECO:0000255|PROSITE-ProRule:PRU00316"; DOMAIN 25239..25325; /note="Ig-like 124"; DOMAIN 25335..25428; /note="Fibronectin type-III 84"; /evidence="ECO:0000255|PROSITE-ProRule:PRU00316"; DOMAIN 25434..25529; /note="Fibronectin type-III 85"; /evidence="ECO:0000255|PROSITE-ProRule:PRU00316"; DOMAIN 25532..25627; /note="Fibronectin type-III 86"; /evidence="ECO:0000255|PROSITE-ProRule:PRU00316"; DOMAIN 25632..25722; /note="Ig-like 125"; DOMAIN 25731..25825; /note="Fibronectin type-III 87"; /evidence="ECO:0000255|PROSITE-ProRule:PRU00316"; DOMAIN 25831..25926; /note="Fibronectin type-III 88"; /evidence="ECO:0000255|PROSITE-ProRule:PRU00316"; DOMAIN 25932..26028; /note="Fibronectin type-III 89"; /evidence="ECO:0000255|PROSITE-ProRule:PRU00316"; DOMAIN 26032..26121; /note="Ig-like 126"; DOMAIN 26128..26222; /note="Fibronectin type-III 90"; /evidence="ECO:0000255|PROSITE-ProRule:PRU00316"; DOMAIN 26225..26318; /note="Fibronectin type-III 91"; /evidence="ECO:0000255|PROSITE-ProRule:PRU00316"; DOMAIN 26322..26410; /note="Ig-like 127"; DOMAIN 26417..26510; /note="Fibronectin type-III 92"; /evidence="ECO:0000255|PROSITE-ProRule:PRU00316"; DOMAIN 26516..26611; /note="Fibronectin type-III 93"; /evidence="ECO:0000255|PROSITE-ProRule:PRU00316"; DOMAIN 26614..26710; /note="Fibronectin type-III 94"; /evidence="ECO:0000255|PROSITE-ProRule:PRU00316"; DOMAIN 26714..26801; /note="Ig-like 128"; DOMAIN 26812..26906; /note="Fibronectin type-III 95"; /evidence="ECO:0000255|PROSITE-ProRule:PRU00316"; DOMAIN 26912..27007; /note="Fibronectin type-III 96"; /evidence="ECO:0000255|PROSITE-ProRule:PRU00316"; DOMAIN 27013..27107; /note="Fibronectin type-III 97"; /evidence="ECO:0000255|PROSITE-ProRule:PRU00316"; DOMAIN 27101..27196; /note="Ig-like 129"; DOMAIN 27205..27296; /note="Fibronectin type-III 98"; /evidence="ECO:0000255|PROSITE-ProRule:PRU00316"; DOMAIN 27302..27392; /note="Fibronectin type-III 99"; /evidence="ECO:0000255|PROSITE-ProRule:PRU00316"; DOMAIN 27499..27593; /note="Fibronectin type-III 100"; /evidence="ECO:0000255|PROSITE-ProRule:PRU00316"; DOMAIN 27599..27694; /note="Fibronectin type-III 101"; /evidence="ECO:0000255|PROSITE-ProRule:PRU00316"; DOMAIN 27697..27793; /note="Fibronectin type-III 102"; /evidence="ECO:0000255|PROSITE-ProRule:PRU00316"; DOMAIN 27797..27888; /note="Ig-like 130"; DOMAIN 27895..27989; /note="Fibronectin type-III 103"; /evidence="ECO:0000255|PROSITE-ProRule:PRU00316"; DOMAIN 27995..28090; /note="Fibronectin type-III 104"; /evidence="ECO:0000255|PROSITE-ProRule:PRU00316"; DOMAIN 28096..28192; /note="Fibronectin type-III 105"; /evidence="ECO:0000255|PROSITE-ProRule:PRU00316"; DOMAIN 28196..28286; /note="Ig-like 131"; DOMAIN 28295..28389; /note="Fibronectin type-III 106"; /evidence="ECO:0000255|PROSITE-ProRule:PRU00316"; DOMAIN 28392..28484; /note="Fibronectin type-III 107"; /evidence="ECO:0000255|PROSITE-ProRule:PRU00316"; DOMAIN 28488..28577; /note="Ig-like 132"; DOMAIN 28583..28680; /note="Fibronectin type-III 108"; /evidence="ECO:0000255|PROSITE-ProRule:PRU00316"; DOMAIN 28686..28781; /note="Fibronectin type-III 109"; /evidence="ECO:0000255|PROSITE-ProRule:PRU00316"; DOMAIN 28784..28879; /note="Fibronectin type-III 110"; /evidence="ECO:0000255|PROSITE-ProRule:PRU00316"; DOMAIN 28882..28974; /note="Ig-like 133"; DOMAIN 28979..29071; /note="Fibronectin type-III 111"; /evidence="ECO:0000255|PROSITE-ProRule:PRU00316"; DOMAIN 29081..29177; /note="Fibronectin type-III 112"; /evidence="ECO:0000255|PROSITE-ProRule:PRU00316"; DOMAIN 29180..29278; /note="Fibronectin type-III 113"; /evidence="ECO:0000255|PROSITE-ProRule:PRU00316"; DOMAIN 29282..29367; /note="Ig-like 134"; DOMAIN 29378..29473; /note="Fibronectin type-III 114"; /evidence="ECO:0000255|PROSITE-ProRule:PRU00316"; DOMAIN 29475..29568; /note="Fibronectin type-III 115"; /evidence="ECO:0000255|PROSITE-ProRule:PRU00316"; DOMAIN 29568..29663; /note="Ig-like 135"; DOMAIN 29670..29764; /note="Fibronectin type-III 116"; /evidence="ECO:0000255|PROSITE-ProRule:PRU00316"; DOMAIN 29770..29865; /note="Fibronectin type-III 117"; /evidence="ECO:0000255|PROSITE-ProRule:PRU00316"; DOMAIN 29868..29967; /note="Fibronectin type-III 118"; /evidence="ECO:0000255|PROSITE-ProRule:PRU00316"; DOMAIN 29971..30059; /note="Ig-like 136"; DOMAIN 30070..30163; /note="Fibronectin type-III 119"; /evidence="ECO:0000255|PROSITE-ProRule:PRU00316"; DOMAIN 30169..30265; /note="Fibronectin type-III 120"; /evidence="ECO:0000255|PROSITE-ProRule:PRU00316"; DOMAIN 30271..30367; /note="Fibronectin type-III 121"; /evidence="ECO:0000255|PROSITE-ProRule:PRU00316"; DOMAIN 30371..30460; /note="Ig-like 137"; DOMAIN 30467..30561; /note="Fibronectin type-III 122"; /evidence="ECO:0000255|PROSITE-ProRule:PRU00316"; DOMAIN 30564..30658; /note="Fibronectin type-III 123"; /evidence="ECO:0000255|PROSITE-ProRule:PRU00316"; DOMAIN 30663..30754; /note="Ig-like 138"; DOMAIN 30761..30855; /note="Fibronectin type-III 124"; /evidence="ECO:0000255|PROSITE-ProRule:PRU00316"; DOMAIN 30861..30956; /note="Fibronectin type-III 125"; /evidence="ECO:0000255|PROSITE-ProRule:PRU00316"; DOMAIN 30962..31058; /note="Fibronectin type-III 126"; /evidence="ECO:0000255|PROSITE-ProRule:PRU00316"; DOMAIN 31061..31150; /note="Ig-like 139"; DOMAIN 31158..31254; /note="Fibronectin type-III 127"; /evidence="ECO:0000255|PROSITE-ProRule:PRU00316"; DOMAIN 31258..31354; /note="Fibronectin type-III 128"; /evidence="ECO:0000255|PROSITE-ProRule:PRU00316"; DOMAIN 31360..31455; /note="Fibronectin type-III 129"; /evidence="ECO:0000255|PROSITE-ProRule:PRU00316"; DOMAIN 31460..31548; /note="Ig-like 140"; DOMAIN 31653..31748; /note="Fibronectin type-III 130"; /evidence="ECO:0000255|PROSITE-ProRule:PRU00316"; DOMAIN 31754..31849; /note="Fibronectin type-III 131"; /evidence="ECO:0000255|PROSITE-ProRule:PRU00316"; DOMAIN 31855..31945; /note="Ig-like 141"; DOMAIN 31955..32046; /note="Ig-like 142"; DOMAIN 32051..32144; /note="Fibronectin type-III 132"; /evidence="ECO:0000255|PROSITE-ProRule:PRU00316"; DOMAIN 32178..32432; /note="Protein kinase"; /evidence="ECO:0000255|PROSITE-ProRule:PRU00159"; DOMAIN 32496..32584; /note="Ig-like 143"; DOMAIN 32617..32710; /note="Ig-like 144"; DOMAIN 32722..32811; /note="Ig-like 145"; DOMAIN 33301..33391; /note="Ig-like 146"; DOMAIN 33488..33576; /note="Ig-like 147"; DOMAIN 33645..33732; /note="Ig-like 148"; DOMAIN 33779..33867; /note="Ig-like 149"; DOMAIN 33963..34052; /note="Ig-like 150"; DOMAIN 34061..34149; /note="Ig-like 151"; DOMAIN 34256..34344; /note="Ig-like 152";
O14936	CAMK_CASK	CAMK	CASK LIN2	926	DOMAIN 12..276; /note="Protein kinase"; /evidence="ECO:0000255|PROSITE-ProRule:PRU00159"; DOMAIN 343..398; /note="L27 1"; /evidence="ECO:0000255|PROSITE-ProRule:PRU00365"; DOMAIN 402..455; /note="L27 2"; /evidence="ECO:0000255|PROSITE-ProRule:PRU00365"; DOMAIN 489..564; /note="PDZ"; /evidence="ECO:0000255|PROSITE-ProRule:PRU00143"; DOMAIN 612..682; /note="SH3"; /evidence="ECO:0000255|PROSITE-ProRule:PRU00192"; DOMAIN 739..911; /note="Guanylate kinase-like"; /evidence="ECO:0000255|PROSITE-ProRule:PRU00100";
P15735	CAMK_PHKG2	CAMK	PHKG2	406	DOMAIN 24..291; /note="Protein kinase"; /evidence="ECO:0000255|PROSITE-ProRule:PRU00159";
Q9NR20	CMGC_DYRK4	CMGC	DYRK4	520	DOMAIN 104..400; /note="Protein kinase"; /evidence="ECO:0000255|PROSITE-ProRule:PRU00159";
Q9Y6M4	CK1_CSNK1G3	CK1	CSNK1G3	447	DOMAIN 43..313; /note="Protein kinase"; /evidence="ECO:0000255|PROSITE-ProRule:PRU00159";
Q9H1R3	CAMK_MYLK2	CAMK	MYLK2	596	DOMAIN 285..540; /note="Protein kinase"; /evidence="ECO:0000255|PROSITE-ProRule:PRU00159";
P10636	other_MAPT	other	MAPT MAPTL MTBT1 TAU	758	;
Q15772	CAMK_SPEG	CAMK	SPEG APEG1 KIAA1297	3267	DOMAIN 43..124; /note="Ig-like 1"; DOMAIN 722..810; /note="Ig-like 2"; DOMAIN 869..958; /note="Ig-like 3"; DOMAIN 963..1057; /note="Ig-like 4"; DOMAIN 1064..1152; /note="Ig-like 5"; DOMAIN 1188..1278; /note="Ig-like 6"; DOMAIN 1285..1382; /note="Fibronectin type-III 1"; /evidence="ECO:0000255|PROSITE-ProRule:PRU00316"; DOMAIN 1384..1480; /note="Ig-like 7"; DOMAIN 1485..1573; /note="Ig-like 8"; DOMAIN 1601..1854; /note="Protein kinase 1"; /evidence="ECO:0000255|PROSITE-ProRule:PRU00159"; DOMAIN 2583..2673; /note="Ig-like 9"; DOMAIN 2680..2774; /note="Fibronectin type-III 2"; /evidence="ECO:0000255|PROSITE-ProRule:PRU00316"; DOMAIN 2966..3218; /note="Protein kinase 2"; /evidence="ECO:0000255|PROSITE-ProRule:PRU00159";
O60229	CAMK_KALRN	CAMK	KALRN DUET DUO HAPIP TRAD	2986	DOMAIN 35..180; /note="CRAL-TRIO"; /evidence="ECO:0000255|PROSITE-ProRule:PRU00056"; DOMAIN 1281..1456; /note="DH 1"; /evidence="ECO:0000255|PROSITE-ProRule:PRU00062"; DOMAIN 1468..1580; /note="PH 1"; /evidence="ECO:0000255|PROSITE-ProRule:PRU00145"; DOMAIN 1646..1711; /note="SH3 1"; /evidence="ECO:0000255|PROSITE-ProRule:PRU00192"; DOMAIN 1929..2104; /note="DH 2"; /evidence="ECO:0000255|PROSITE-ProRule:PRU00062"; DOMAIN 2116..2226; /note="PH 2"; /evidence="ECO:0000255|PROSITE-ProRule:PRU00145"; DOMAIN 2321..2386; /note="SH3 2"; /evidence="ECO:0000255|PROSITE-ProRule:PRU00192"; DOMAIN 2471..2564; /note="Ig-like C2-type"; DOMAIN 2571..2665; /note="Fibronectin type-III"; /evidence="ECO:0000255|PROSITE-ProRule:PRU00316"; DOMAIN 2684..2938; /note="Protein kinase"; /evidence="ECO:0000255|PROSITE-ProRule:PRU00159";
Q16143	other_SNCB	other	SNCB	134	;
P11388	other_TOP2A	other	TOP2A TOP2	1531	DOMAIN 455..572; /note="Toprim"; /evidence="ECO:0000255|PROSITE-ProRule:PRU00995"; DOMAIN 715..1171; /note="Topo IIA-type catalytic"; /evidence="ECO:0000255|PROSITE-ProRule:PRU01384";
Q96RU7	CAMK_TRIB3	CAMK	TRIB3 C20orf97 NIPK SKIP3 TRB3	358	DOMAIN 68..316; /note="Protein kinase"; /evidence="ECO:0000255|PROSITE-ProRule:PRU00159";
O00571	other_DDX3X	other	DDX3X DBX DDX3	662	DOMAIN 211..403; /note="Helicase ATP-binding"; /evidence="ECO:0000255|PROSITE-ProRule:PRU00541"; DOMAIN 414..575; /note="Helicase C-terminal"; /evidence="ECO:0000255|PROSITE-ProRule:PRU00542";
P52292	other_KPNA2	other	KPNA2 RCH1 SRP1	529	DOMAIN 2..60; /note="IBB"; /evidence="ECO:0000255|PROSITE-ProRule:PRU00561";
P04637	other_TP53	other	TP53 P53	393	;
P0DP23	other_CALM1	other	CALM1 CALM CAM CAM1	149	DOMAIN 8..43; /note="EF-hand 1"; /evidence="ECO:0000255|PROSITE-ProRule:PRU00448"; DOMAIN 44..79; /note="EF-hand 2"; /evidence="ECO:0000255|PROSITE-ProRule:PRU00448"; DOMAIN 81..116; /note="EF-hand 3"; /evidence="ECO:0000255|PROSITE-ProRule:PRU00448"; DOMAIN 117..149; /note="EF-hand 4"; /evidence="ECO:0000255|PROSITE-ProRule:PRU00448";
P05783	other_KRT18	other	KRT18 CYK18 PIG46	430	DOMAIN 80..391; /note="IF rod"; /evidence="ECO:0000255|PROSITE-ProRule:PRU01188";
P12830	other_CDH1	other	CDH1 CDHE UVO	882	;
P16220	other_CREB1	other	CREB1	327	DOMAIN 87..146; /note="KID"; /evidence="ECO:0000255|PROSITE-ProRule:PRU00312"; DOMAIN 269..327; /note="bZIP"; /evidence="ECO:0000255|PROSITE-ProRule:PRU00978";
Q16665	other_HIF1A	other	HIF1A BHLHE78 MOP1 PASD8	826	;
Q96RU8	CAMK_TRIB1	CAMK	TRIB1 C8FW GIG2 TRB1	372	DOMAIN 91..338; /note="Protein kinase"; /evidence="ECO:0000255|PROSITE-ProRule:PRU00159";
Q6A1A2	AGC_PDPK2P	AGC	PDPK2P PDPK2	396	DOMAIN 55..315; /note="Protein kinase"; /evidence="ECO:0000255|PROSITE-ProRule:PRU00159";
P03372	other_ESR1	other	ESR1 ESR NR3A1	595	DOMAIN 311..547; /note="NR LBD"; /evidence="ECO:0000255|PROSITE-ProRule:PRU01189";
O75962	CAMK_TRIO	CAMK	TRIO	3097	DOMAIN 65..210; /note="CRAL-TRIO"; /evidence="ECO:0000255|PROSITE-ProRule:PRU00056"; DOMAIN 1292..1467; /note="DH 1"; /evidence="ECO:0000255|PROSITE-ProRule:PRU00062"; DOMAIN 1480..1591; /note="PH 1"; /evidence="ECO:0000255|PROSITE-ProRule:PRU00145"; DOMAIN 1656..1721; /note="SH3 1"; /evidence="ECO:0000255|PROSITE-ProRule:PRU00192"; DOMAIN 1969..2145; /note="DH 2"; /evidence="ECO:0000255|PROSITE-ProRule:PRU00062"; DOMAIN 2157..2271; /note="PH 2"; /evidence="ECO:0000255|PROSITE-ProRule:PRU00145"; DOMAIN 2551..2616; /note="SH3 2"; /evidence="ECO:0000255|PROSITE-ProRule:PRU00192"; DOMAIN 2685..2775; /note="Ig-like C2-type"; DOMAIN 2796..3052; /note="Protein kinase"; /evidence="ECO:0000255|PROSITE-ProRule:PRU00159";
Q96L94	other_SNX22	other	SNX22	193	DOMAIN 1..118; /note="PX"; /evidence="ECO:0000255|PROSITE-ProRule:PRU00147";
P00441	other_SOD1	other	SOD1	154	;
Q92519	CAMK_TRIB2	CAMK	TRIB2 TRB2	343	DOMAIN 61..308; /note="Protein kinase"; /evidence="ECO:0000255|PROSITE-ProRule:PRU00159";
P42345	other_MTOR	other	MTOR FRAP FRAP1 FRAP2 RAFT1 RAPT1	2549	DOMAIN 1382..1982; /note="FAT"; /evidence="ECO:0000255|PROSITE-ProRule:PRU00534"; DOMAIN 2156..2469; /note="PI3K/PI4K catalytic"; /evidence="ECO:0000255|PROSITE-ProRule:PRU00269"; DOMAIN 2517..2549; /note="FATC"; /evidence="ECO:0000255|PROSITE-ProRule:PRU00534, ECO:0000255|PROSITE-ProRule:PRU00535";
P57058	CAMK_HUNK	CAMK	HUNK MAKV	714	DOMAIN 62..320; /note="Protein kinase"; /evidence="ECO:0000255|PROSITE-ProRule:PRU00159";
Q96LW2	other_RSKR	other	RSKR SGK494	410	DOMAIN 107..274; /note="Protein kinase"; /evidence="ECO:0000255|PROSITE-ProRule:PRU00159";
O43930	AGC_PRKY	AGC	PRKY	277	DOMAIN 49..277; /note="Protein kinase"; /evidence="ECO:0000255|PROSITE-ProRule:PRU00159";
P30050	other_RPL12	other	RPL12	165	;
Q86YV6	CAMK_MYLK4	CAMK	MYLK4 SGK085	388	DOMAIN 106..361; /note="Protein kinase"; /evidence="ECO:0000255|PROSITE-ProRule:PRU00159";
O15169	other_AXIN1	other	AXIN1 AXIN	862	;
Q9Y5P4	other_CERT1	other	CERT1 CERT COL4A3BP STARD11	624	;
P56537	other_EIF6	other	EIF6 EIF3A ITGB4BP OK/SW-cl.27	245	;
O60346	other_PHLPP1	other	PHLPP1 KIAA0606 PHLPP PLEKHE1 SCOP	1717	;
O75581	other_LRP6	other	LRP6	1613	DOMAIN 282..324; /note="EGF-like 1"; DOMAIN 588..628; /note="EGF-like 2"; DOMAIN 889..930; /note="EGF-like 3"; DOMAIN 1203..1244; /note="EGF-like 4"; DOMAIN 1248..1286; /note="LDL-receptor class A 1"; /evidence="ECO:0000255|PROSITE-ProRule:PRU00124"; DOMAIN 1287..1323; /note="LDL-receptor class A 2"; /evidence="ECO:0000255|PROSITE-ProRule:PRU00124"; DOMAIN 1325..1361; /note="LDL-receptor class A 3"; /evidence="ECO:0000255|PROSITE-ProRule:PRU00124";
Q5MAI5	CMGC_CDKL4	CMGC	CDKL4	379	DOMAIN 4..286; /note="Protein kinase"; /evidence="ECO:0000255|PROSITE-ProRule:PRU00159";
Q9UQL6	other_HDAC5	other	HDAC5 KIAA0600	1122	;
O95863	other_SNAI1	other	SNAI1 SNAH	264	;
Q6ZVD8	other_PHLPP2	other	PHLPP2 KIAA0931 PHLPPL	1323	;
Q9Y6Q9	other_NCOA3	other	NCOA3 AIB1 BHLHE42 RAC3 TRAM1	1424	DOMAIN 25..82; /note="bHLH"; /evidence="ECO:0000255|PROSITE-ProRule:PRU00981"; DOMAIN 110..180; /note="PAS"; /evidence="ECO:0000255|PROSITE-ProRule:PRU00140";
Q7L0J3	other_SV2A	other	SV2A KIAA0736 PSEC0174	742	;
Q8TB45	other_DEPTOR	other	DEPTOR DEPDC6	409	;
P46937	other_YAP1	other	YAP1 YAP65	504	DOMAIN 171..204; /note="WW 1"; /evidence="ECO:0000255|PROSITE-ProRule:PRU00224"; DOMAIN 230..263; /note="WW 2"; /evidence="ECO:0000255|PROSITE-ProRule:PRU00224";
Q13330	other_MTA1	other	MTA1	715	;
Q9HAW4	other_CLSPN	other	CLSPN	1339	;
Q12778	other_FOXO1	other	FOXO1 FKHR FOXO1A	655	;
Q5MNZ9	other_WIPI1	other	WIPI1 WIPI49	446	;
P10071	other_GLI3	other	GLI3	1580	;
P84022	other_SMAD3	other	SMAD3 MADH3	425	DOMAIN 10..136; /note="MH1"; /evidence="ECO:0000255|PROSITE-ProRule:PRU00438"; DOMAIN 232..425; /note="MH2"; /evidence="ECO:0000255|PROSITE-ProRule:PRU00439";
P17302	other_GJA1	other	GJA1 GJAL	382	;
Q8WUI4	other_HDAC7	other	HDAC7 HDAC7A	952	;
P56524	other_HDAC4	other	HDAC4 KIAA0288	1084	;
Q8N5H3	other_FAM89B	other	FAM89B Lrap25	189	;
